"YEAR:","CURRENT"
"REPORT:","COMPLETE REPORT"
"CATEGORY:",""
"ITEM NUMBER:",""
"ACCOUNT NUMBER:",""
"SALES REP:",""
"LOCATION:","ALL LOCATIONS"

"ITEM NUMBER","DESCRIPTION","REP","DOCNO","ACCNO","DATE","QUANTITY","RETAIL","COST","GROSS","%"
"CS-026Y-L","TR ROUND YELLOW SIDES 270MM","002","005371","TB0100","04/06/2026","4","833","980","-147","-17.6"
"TOTALS:","","","","","","4","833","980","-147","-17.6"
"CS-026Y-M","TR ROUND YELLOW SIDES 245MM","002","005371","TB0100","04/06/2026","4","738","868","-130","-17.6"
"TOTALS:","","","","","","4","738","868","-130","-17.6"
"CS-026Y-S","TR ROUND YELLOW SIDES 225MM","002","005371","TB0100","04/06/2026","4","666","784","-118","-17.6"
"CS-026Y-S","TR ROUND YELLOW SIDES 225MM","002","005372","LYE010","04/06/2026","1","180","196","-16","-8.7"
"TOTALS:","","","","","","5","847","980","-133","-15.7"
"CS-08B-M","LONG STAR BLUE BASE 250MM(H)","003","005378","TP0200","05/06/2026","5","882","980","-98","-11.1"
"TOTALS:","","","","","","5","882","980","-98","-11.1"
"CS-135025","CLEAR BASE 130*50*25 MM","002","005354","TDG020","29/05/2026","23","1087","1449","-362","-33.3"
"CS-135025","CLEAR BASE 130*50*25 MM","002","005370","TA0100","04/06/2026","7","397","441","-44","-11.1"
"TOTALS:","","","","","","30","1484","1890","-406","-27.4"
"CS-158040-B","BLACK BASE 150*80*40MM","003","005334","SN0200","27/05/2026","2","294","392","-98","-33.3"
"TOTALS:","","","","","","2","294","392","-98","-33.3"
"CS-158040-C","CLEAR BASE 150*80*40MM","003","005334","SN0200","27/05/2026","7","662","882","-220","-33.3"
"TOTALS:","","","","","","7","662","882","-220","-33.3"
"CS-184-M","CURVED TROPHY 250MM (H)","002","005371","TB0100","04/06/2026","10","2737","3220","-483","-17.6"
"TOTALS:","","","","","","10","2737","3220","-483","-17.6"
"CS-206030-C","CLEAR BASE 200*60*30MM","002","005360","IC0100","01/06/2026","1","109","109","0","0.0"
"TOTALS:","","","","","","1","109","109","0","0.0"
"CS-44-M","OVALISH SHIELD 200MM (H)","003","005381","UBMM01","08/06/2026","4","521","560","-39","-7.5"
"TOTALS:","","","","","","4","521","560","-39","-7.5"
"CS-44-S","OVALISH SHIELD 160MM (H)","003","005381","UBMM01","08/06/2026","3","293","315","-22","-7.5"
"TOTALS:","","","","","","3","293","315","-22","-7.5"
"CS-45-S","PRESTIGES LIKE 165MM (H)","002","005356","TE0300","29/05/2026","3","236","315","-79","-33.3"
"CS-45-S","PRESTIGES LIKE 165MM (H)","002","005368","TB0100","04/06/2026","2","179","210","-32","-17.6"
"TOTALS:","","","","","","5","415","525","-110","-26.6"
"CS-50-S","FLAME TROPHY 160MM (H)","003","005350","VE0100","29/05/2026","2","197","246","-49","-25.0"
"CS-50-S","FLAME TROPHY 160MM (H)","002","005356","TE0300","29/05/2026","3","277","369","-92","-33.3"
"CS-50-S","FLAME TROPHY 160MM (H)","002","005368","TB0100","04/06/2026","2","209","246","-37","-17.6"
"TOTALS:","","","","","","7","683","861","-178","-26.1"
"CS-55-L","FLAT SHIELD GREEN 225MM(H)","003","005350","VE0100","29/05/2026","10","1432","1790","-358","-25.0"
"CS-55-L","FLAT SHIELD GREEN 225MM(H)","002","005356","TE0300","29/05/2026","3","403","537","-134","-33.3"
"TOTALS:","","","","","","13","1835","2327","-492","-26.8"
"CS-59-1L","BADGE SHIELD & WREATH 250MM","003","005350","VE0100","29/05/2026","5","812","1015","-203","-25.0"
"CS-59-1L","BADGE SHIELD & WREATH 250MM","002","005356","TE0300","29/05/2026","3","457","609","-152","-33.3"
"TOTALS:","","","","","","8","1269","1624","-355","-28.0"
"CS-59-1S","BADGE SHIELD & WREATH 210MM","003","005350","VE0100","29/05/2026","4","448","560","-112","-25.0"
"CS-59-1S","BADGE SHIELD & WREATH 210MM","002","005356","TE0300","29/05/2026","3","315","420","-105","-33.3"
"CS-59-1S","BADGE SHIELD & WREATH 210MM","003","005359","TP0200","01/06/2026","1","126","140","-14","-11.1"
"TOTALS:","","","","","","8","889","1120","-231","-26.0"
"CS-66-L","SQUARE W/ WREATH; BLUE PIECE","002","005356","TE0300","29/05/2026","3","425","567","-142","-33.3"
"TOTALS:","","","","","","3","425","567","-142","-33.3"
"CS-666-C","CUT CORNER CUBE 60*60*60MM","002","005376","IT0100","05/06/2026","2","130","144","-14","-11.1"
"TOTALS:","","","","","","2","130","144","-14","-11.1"
"CS-67-L","SHIELD ROUNDED BOTTOM W/ WRE","002","005356","TE0300","29/05/2026","9","1276","1701","-425","-33.3"
"TOTALS:","","","","","","9","1276","1701","-425","-33.3"
"CS-67-M","SHIELD ROUNDED BOTTOM W/ WRE","003","005352","TC0700","29/05/2026","3","378","504","-126","-33.3"
"CS-67-M","SHIELD ROUNDED BOTTOM W/ WRE","002","005356","TE0300","29/05/2026","5","630","840","-210","-33.3"
"TOTALS:","","","","","","8","1008","1344","-336","-33.3"
"CS-67-S","SHIELD ROUNDED BOTTOM W/ WRE","002","005356","TE0300","29/05/2026","3","299","399","-100","-33.3"
"TOTALS:","","","","","","3","299","399","-100","-33.3"
"CS-68-S","SHIELD W/ WREATH; BLACK PIEC","003","005352","TC0700","29/05/2026","6","599","798","-200","-33.3"
"TOTALS:","","","","","","6","599","798","-200","-33.3"
"CS-810","SLANTED BLOCK W/ BLUE STAR 2","003","005352","TC0700","29/05/2026","1","252","336","-84","-33.3"
"TOTALS:","","","","","","1","252","336","-84","-33.3"
"CS-A4","GOLF BALL ON RHOMBUS 230MM(H","002","005369","TOG010","04/06/2026","4","904","952","-48","-5.3"
"TOTALS:","","","","","","4","904","952","-48","-5.3"
"CS-BB12-S","TRIANGLE TYPE ON BASE 200MM(","002","005348","TB0100","29/05/2026","4","651","868","-217","-33.3"
"TOTALS:","","","","","","4","651","868","-217","-33.3"
"CS-C-4","SHIELD & BLUE SCROLL 160MM(H","002","005356","TE0300","29/05/2026","10","810","1080","-270","-33.3"
"CS-C-4","SHIELD & BLUE SCROLL 160MM(H","003","005379","FP0200","05/06/2026","5","475","540","-65","-13.6"
"TOTALS:","","","","","","15","1285","1620","-335","-26.1"
"CS-C-65","OCTAGON & BLUE SCROLL 155MM(","002","005377","HD0100","05/06/2026","400","38016","43200","-5184","-13.6"
"TOTALS:","","","","","","400","38016","43200","-5184","-13.6"
"CS-C-8","FLAME & BLUE SCROLL 175MM (H","002","005356","TE0300","29/05/2026","10","810","1080","-270","-33.3"
"CS-C-8","FLAME & BLUE SCROLL 175MM (H","002","005361","TDG020","02/06/2026","7","643","756","-113","-17.6"
"CS-C-8","FLAME & BLUE SCROLL 175MM (H","003","005379","FP0200","05/06/2026","5","475","540","-65","-13.6"
"TOTALS:","","","","","","22","1928","2376","-448","-23.2"
"CS-CG01","CLEAR: UV LIGHT GLUE BOTTEL","003","000176","CGA000","27/05/2026","-2","-1008","-1120","112","-11.1"
"CS-CG01","CLEAR: UV LIGHT GLUE BOTTEL","003","005337","CGA000","27/05/2026","2","1008","1120","-112","-11.1"
"CS-CG01","CLEAR: UV LIGHT GLUE BOTTEL","003","005338","CGA000","27/05/2026","2","896","1120","-224","-25.0"
"TOTALS:","","","","","","2","896","1120","-224","-25.0"
"CS-CLP01","GREEN PIECE FLAME 170MM (H)","002","005377","HD0100","05/06/2026","10","1267","1440","-173","-13.6"
"TOTALS:","","","","","","10","1267","1440","-173","-13.6"
"CS-CLP02","YELLOW PIECE SIRCLE 160MM (H","002","005372","LYE010","04/06/2026","1","110","120","-10","-8.7"
"CS-CLP02","YELLOW PIECE SIRCLE 160MM (H","002","005377","HD0100","05/06/2026","10","1056","1200","-144","-13.6"
"TOTALS:","","","","","","11","1167","1320","-153","-13.2"
"CS-CLP03","RED PIECE DIAMOND SHAPE 160M","002","005377","HD0100","05/06/2026","10","1126","1280","-154","-13.6"
"TOTALS:","","","","","","10","1126","1280","-154","-13.6"
"CS-EW01-BZ","BZ EAGLE WING GLASS TR 280MM","002","005331","TDG020","26/05/2026","6","1103","1470","-368","-33.3"
"TOTALS:","","","","","","6","1103","1470","-368","-33.3"
"CS-EW01-GD","GD EAGLE WING GLASS TR 280MM","002","005353","TDG020","29/05/2026","18","3308","4410","-1103","-33.3"
"TOTALS:","","","","","","18","3308","4410","-1103","-33.3"
"CS-FH-5L","SQUARISH BLUE PIECE 265MM(H)","003","000176","CGA000","27/05/2026","-6","-1210","-1344","134","-11.1"
"CS-FH-5L","SQUARISH BLUE PIECE 265MM(H)","003","005337","CGA000","27/05/2026","6","1210","1344","-134","-11.1"
"CS-FH-5L","SQUARISH BLUE PIECE 265MM(H)","003","005338","CGA000","27/05/2026","6","1075","1344","-269","-25.0"
"TOTALS:","","","","","","6","1075","1344","-269","-25.0"
"CS-GB40","GOLF BALL 40MM (DIAM)","002","005346","FDS010","29/05/2026","10","230","280","-50","-22.0"
"TOTALS:","","","","","","10","230","280","-50","-22.0"
"CS-H-15","LEAVE DB/BASE 220MM(H)     #","002","005380","LYE010","05/06/2026","10","1610","1750","-140","-8.7"
"TOTALS:","","","","","","10","1610","1750","-140","-8.7"
"CS-H-2","SHIELD FLAT TOP DB/BASE 215M","002","005377","HD0100","05/06/2026","1","154","175","-21","-13.6"
"TOTALS:","","","","","","1","154","175","-21","-13.6"
"CS-H-20","FLAME DB/BASE 210MM (H)","003","005342","ECS010","28/05/2026","6","945","1050","-105","-11.1"
"CS-H-20","FLAME DB/BASE 210MM (H)","002","005356","TE0300","29/05/2026","5","656","875","-219","-33.3"
"CS-H-20","FLAME DB/BASE 210MM (H)","002","005360","IC0100","01/06/2026","18","3150","3150","0","0.0"
"TOTALS:","","","","","","29","4751","5075","-324","-6.8"
"CS-H-5","SHIELD DB/BASE 200MM(H)  #","003","005350","VE0100","29/05/2026","3","420","525","-105","-25.0"
"CS-H-5","SHIELD DB/BASE 200MM(H)  #","002","005356","TE0300","29/05/2026","5","656","875","-219","-33.3"
"TOTALS:","","","","","","8","1076","1400","-324","-30.1"
"CS-H280-L","SPEAR BLACK BASE 300MM(H)","002","005349","CIG010","29/05/2026","4","1428","1680","-252","-17.6"
"TOTALS:","","","","","","4","1428","1680","-252","-17.6"
"CS-H280-M","SPEAR BLACK BASE 260MM(H)","002","005349","CIG010","29/05/2026","2","536","630","-94","-17.6"
"TOTALS:","","","","","","2","536","630","-94","-17.6"
"CS-HEX01-L","LONG HEXAGON WITH STARS 280M","002","005360","IC0100","01/06/2026","2","378","378","0","0.0"
"CS-HEX01-L","LONG HEXAGON WITH STARS 280M","002","005364","TD0100","02/06/2026","2","359","378","-19","-5.3"
"TOTALS:","","","","","","4","737","756","-19","-2.6"
"CS-J-13B","FLAME CLEAR BLACK BASE 155MM","003","005342","ECS010","28/05/2026","6","475","528","-53","-11.1"
"CS-J-13B","FLAME CLEAR BLACK BASE 155MM","003","005350","VE0100","29/05/2026","13","915","1144","-229","-25.0"
"TOTALS:","","","","","","19","1390","1672","-282","-20.3"
"CS-J-4B","DIAMOND SHAPE BLACK BASE 160","002","005356","TE0300","29/05/2026","5","330","440","-110","-33.3"
"TOTALS:","","","","","","5","330","440","-110","-33.3"
"CS-J-6","SHIELD ROUNDED TOP 155MM(H)","002","005336","TE0300","27/05/2026","30","1980","2640","-660","-33.3"
"CS-J-6","SHIELD ROUNDED TOP 155MM(H)","003","005350","VE0100","29/05/2026","15","1056","1320","-264","-25.0"
"CS-J-6","SHIELD ROUNDED TOP 155MM(H)","002","005356","TE0300","29/05/2026","10","660","880","-220","-33.3"
"TOTALS:","","","","","","55","3696","4840","-1144","-31.0"
"CS-J-60","SHIELD ROUNDED BOTTOM 160MM(","002","005356","TE0300","29/05/2026","10","660","880","-220","-33.3"
"TOTALS:","","","","","","10","660","880","-220","-33.3"
"CS-K08-L","LONG ROUND FLAT 300MM(H)","002","005377","HD0100","05/06/2026","4","1404","1596","-192","-13.6"
"TOTALS:","","","","","","4","1404","1596","-192","-13.6"
"CS-K08-S","LONG ROUND FLAT 240MM(H)","002","005377","HD0100","05/06/2026","4","1133","1288","-155","-13.6"
"TOTALS:","","","","","","4","1133","1288","-155","-13.6"
"CS-KH14-M","SPEAR TR BLACK BASE 275MM(H)","003","005345","FP0200","28/05/2026","1","306","392","-86","-28.2"
"TOTALS:","","","","","","1","306","392","-86","-28.2"
"CS-KH201","SMALL TRIANGLE 140MM(H)","002","005349","CIG010","29/05/2026","25","1859","2188","-328","-17.6"
"CS-KH201","SMALL TRIANGLE 140MM(H)","002","005354","TDG020","29/05/2026","9","591","788","-197","-33.3"
"CS-KH201","SMALL TRIANGLE 140MM(H)","003","005381","UBMM01","08/06/2026","24","1953","2100","-147","-7.5"
"TOTALS:","","","","","","58","4403","5075","-672","-15.3"
"CS-KH203","SMALL SHIELD 140MM(H)","001","005340","BB0100","27/05/2026","1","61","88","-26","-42.8"
"CS-KH203","SMALL SHIELD 140MM(H)","002","005368","TB0100","04/06/2026","2","149","175","-26","-17.6"
"TOTALS:","","","","","","3","210","263","-52","-25.0"
"CS-KH205","SMALL FLAME 140MM(H)","003","005342","ECS010","28/05/2026","10","788","875","-87","-11.1"
"CS-KH205","SMALL FLAME 140MM(H)","003","005362","SN0200","02/06/2026","135","8859","11813","-2953","-33.3"
"TOTALS:","","","","","","145","9647","12688","-3041","-31.5"
"CS-MAP-L","MAP OF AFRICA B/BASE 250MM","002","005344","TB0100","28/05/2026","5","1444","1925","-481","-33.3"
"CS-MAP-L","MAP OF AFRICA B/BASE 250MM","002","005347","TA0100","29/05/2026","2","616","770","-154","-25.0"
"TOTALS:","","","","","","7","2060","2695","-635","-30.8"
"CS-N54-140G","TROPHY GLASS 140MM(D) 160MM(","002","005364","TD0100","02/06/2026","7","798","840","-42","-5.3"
"CS-N54-140G","TROPHY GLASS 140MM(D) 160MM(","002","005377","HD0100","05/06/2026","8","845","960","-115","-13.6"
"TOTALS:","","","","","","15","1643","1800","-157","-9.6"
"CS-PP102-L","SLANTED BLUE PIECE 255MM(H)","003","005350","VE0100","29/05/2026","3","706","882","-176","-25.0"
"TOTALS:","","","","","","3","706","882","-176","-25.0"
"CS-PP102-M","SLANTED BLUE PIECE 225MM(H)","002","005349","CIG010","29/05/2026","4","857","1008","-151","-17.6"
"CS-PP102-M","SLANTED BLUE PIECE 225MM(H)","003","005350","VE0100","29/05/2026","5","1008","1260","-252","-25.0"
"CS-PP102-M","SLANTED BLUE PIECE 225MM(H)","002","005368","TB0100","04/06/2026","1","214","252","-38","-17.6"
"TOTALS:","","","","","","10","2079","2520","-441","-21.2"
"CS-PP102-S","SLANTED BLUE PIECE 185MM(H)","002","005349","CIG010","29/05/2026","2","369","434","-65","-17.6"
"CS-PP102-S","SLANTED BLUE PIECE 185MM(H)","003","005350","VE0100","29/05/2026","2","347","434","-87","-25.0"
"CS-PP102-S","SLANTED BLUE PIECE 185MM(H)","003","005365","SN0200","02/06/2026","15","2767","3255","-488","-17.6"
"CS-PP102-S","SLANTED BLUE PIECE 185MM(H)","002","005370","TA0100","04/06/2026","7","1367","1519","-152","-11.1"
"TOTALS:","","","","","","26","4850","5642","-792","-16.3"
"CS-PP102R-L","SLANTED PAINTED RED 255MM(H)","003","005350","VE0100","29/05/2026","4","941","1176","-235","-25.0"
"TOTALS:","","","","","","4","941","1176","-235","-25.0"
"CS-PP102R-S","SLANTED PAINTED RED 185MM(H)","003","005350","VE0100","29/05/2026","4","694","868","-174","-25.0"
"TOTALS:","","","","","","4","694","868","-174","-25.0"
"CS-PP71G-L","SHOOTING YE STAR PAINTED 300","002","005344","TB0100","28/05/2026","1","236","315","-79","-33.3"
"TOTALS:","","","","","","1","236","315","-79","-33.3"
"CS-PP71G-M","SHOOTING YE STAR PAINTED 280","002","005344","TB0100","28/05/2026","1","215","287","-72","-33.3"
"TOTALS:","","","","","","1","215","287","-72","-33.3"
"EXTRA1","SOCCER GOLD","001","005340","BB0100","27/05/2026","4","40","4","36","90.0"
"EXTRA1","SOCCER GOLD","001","005351","CASH01","29/05/2026","1","24","1","23","95.8"
"TOTALS:","","","","","","5","64","5","59","92.1"
"EXTRA3","SAMPLE","002","005372","LYE010","04/06/2026","1","32","1","31","96.9"
"EXTRA3","SAMPLE","003","005374","MSB010","04/06/2026","1","120","1","119","99.2"
"EXTRA3","SAMPLE","003","005374","MSB010","04/06/2026","2","340","2","338","99.4"
"TOTALS:","","","","","","4","492","4","488","99.2"
"GH-3043","SHIELD SHAPE W/ YELLOW SIDES","002","005372","LYE010","04/06/2026","1","148","161","-13","-8.7"
"TOTALS:","","","","","","1","148","161","-13","-8.7"
"GH-3048","SLANTED TROPHY W/ BLUE SIDES","002","005356","TE0300","29/05/2026","2","242","322","-81","-33.3"
"TOTALS:","","","","","","2","242","322","-81","-33.3"
"HAND-01","HANDLING FEE","002","005373","FM0200","04/06/2026","1","10","10","-1","-5.3"
"TOTALS:","","","","","","1","10","10","-1","-5.3"
"HX-1652-A1","OVAL MEDAL PLATE 150MM(H)","003","000178","UBMM01","01/06/2026","-13","-870","-936","66","-7.5"
"HX-1652-A1","OVAL MEDAL PLATE 150MM(H)","003","005357","UBMM01","01/06/2026","13","870","936","-66","-7.5"
"HX-1652-A1","OVAL MEDAL PLATE 150MM(H)","003","005358","UBMM01","01/06/2026","13","777","936","-159","-20.5"
"TOTALS:","","","","","","13","777","936","-159","-20.5"
"JL-2068-A","SILVER CROWN 580MM (H)","002","005356","TE0300","29/05/2026","1","264","352","-88","-33.3"
"JL-2068-A","SILVER CROWN 580MM (H)","003","005374","MSB010","04/06/2026","1","317","352","-35","-11.1"
"TOTALS:","","","","","","2","581","704","-123","-21.2"
"JL-2068-B","SILVER CROWN 510MM (H)","002","005356","TE0300","29/05/2026","1","240","320","-80","-33.3"
"JL-2068-B","SILVER CROWN 510MM (H)","003","005374","MSB010","04/06/2026","1","288","320","-32","-11.1"
"TOTALS:","","","","","","2","528","640","-112","-21.2"
"JL-2068-C","SILVER CROWN 445MM (H)","002","005356","TE0300","29/05/2026","1","216","288","-72","-33.3"
"TOTALS:","","","","","","1","216","288","-72","-33.3"
"JL-2404-1A","SILVER CUP 550MM (H)","002","005356","TE0300","29/05/2026","1","222","296","-74","-33.3"
"TOTALS:","","","","","","1","222","296","-74","-33.3"
"JL-2404-1B","SILVER CUP 480MM (H)","002","005356","TE0300","29/05/2026","1","198","264","-66","-33.3"
"TOTALS:","","","","","","1","198","264","-66","-33.3"
"JL-2404-1C","SILVER CUP 430MM (H)","002","005356","TE0300","29/05/2026","1","174","232","-58","-33.3"
"TOTALS:","","","","","","1","174","232","-58","-33.3"
"JL-3064A","SILVER CUP 445MM (H)","002","005347","TA0100","29/05/2026","2","448","560","-112","-25.0"
"JL-3064A","SILVER CUP 445MM (H)","002","005356","TE0300","29/05/2026","1","210","280","-70","-33.3"
"TOTALS:","","","","","","3","658","840","-182","-27.7"
"JL-3064B","SILVER CUP 400MM (H)","002","005347","TA0100","29/05/2026","2","406","508","-102","-25.0"
"JL-3064B","SILVER CUP 400MM (H)","002","005356","TE0300","29/05/2026","1","191","254","-64","-33.3"
"TOTALS:","","","","","","3","597","762","-165","-27.7"
"JL-3064C","SILVER CUP 355MM (H)","002","005347","TA0100","29/05/2026","3","550","687","-137","-25.0"
"JL-3064C","SILVER CUP 355MM (H)","002","005356","TE0300","29/05/2026","1","172","229","-57","-33.3"
"TOTALS:","","","","","","4","721","916","-195","-27.0"
"JL-3083A","SILVER CUP WITH LID  485MM(H","002","005347","TA0100","29/05/2026","2","525","656","-131","-25.0"
"JL-3083A","SILVER CUP WITH LID  485MM(H","002","005356","TE0300","29/05/2026","1","246","328","-82","-33.3"
"TOTALS:","","","","","","3","771","984","-213","-27.7"
"JL-3083B","SILVER CUP WITH LID  430MM(H","002","005328","TB0100","26/05/2026","24","5184","6912","-1728","-33.3"
"JL-3083B","SILVER CUP WITH LID  430MM(H","002","005347","TA0100","29/05/2026","2","461","576","-115","-25.0"
"JL-3083B","SILVER CUP WITH LID  430MM(H","002","005356","TE0300","29/05/2026","1","216","288","-72","-33.3"
"TOTALS:","","","","","","27","5861","7776","-1915","-32.7"
"JL-3083C","SILVER CUP WITH LID  380MM (","002","005347","TA0100","29/05/2026","3","595","744","-149","-25.0"
"JL-3083C","SILVER CUP WITH LID  380MM (","002","005356","TE0300","29/05/2026","1","186","248","-62","-33.3"
"TOTALS:","","","","","","4","781","992","-211","-27.0"
"JL-4066B","PLAIN GOLD CUP 435MM(H)","002","005371","TB0100","04/06/2026","1","230","271","-41","-17.6"
"TOTALS:","","","","","","1","230","271","-41","-17.6"
"JL-4066C","PLAIN GOLD CUP 380MM(H)","002","005363","ME0100","02/06/2026","5","1126","1185","-59","-5.3"
"JL-4066C","PLAIN GOLD CUP 380MM(H)","002","005368","TB0100","04/06/2026","1","201","237","-36","-17.6"
"TOTALS:","","","","","","6","1327","1422","-95","-7.1"
"JL-4066D","PLAIN GOLD CUP 330MM(H)","002","005344","TB0100","28/05/2026","1","159","212","-53","-33.3"
"TOTALS:","","","","","","1","159","212","-53","-33.3"
"JL-7872G-A","GD STAR GREEN PIECE CUP 525M","003","005355","JAM010","29/05/2026","48","6624","8832","-2208","-33.3"
"TOTALS:","","","","","","48","6624","8832","-2208","-33.3"
"JL-7872G-B","GD STAR GREEN PIECE CUP 475M","003","005355","JAM010","29/05/2026","48","5472","7296","-1824","-33.3"
"TOTALS:","","","","","","48","5472","7296","-1824","-33.3"
"JL-7872G-C","GD STAR GREEN PIECE CUP 435M","003","005355","JAM010","29/05/2026","48","4320","5760","-1440","-33.3"
"TOTALS:","","","","","","48","4320","5760","-1440","-33.3"
"JL-787SV-A","SILVER STARS CUP & HOLDER 35","002","005356","TE0300","29/05/2026","3","288","384","-96","-33.3"
"TOTALS:","","","","","","3","288","384","-96","-33.3"
"JL-787SV-B","SILVER STARS CUP & HOLDER 31","002","005356","TE0300","29/05/2026","3","216","288","-72","-33.3"
"TOTALS:","","","","","","3","216","288","-72","-33.3"
"JL-787SV-C","SILVER STARS CUP & HOLDER 27","002","005356","TE0300","29/05/2026","3","162","216","-54","-33.3"
"TOTALS:","","","","","","3","162","216","-54","-33.3"
"JL-788D","GD FUNNEL DECOR HOLDER 410MM","002","005356","TE0300","29/05/2026","3","378","504","-126","-33.3"
"TOTALS:","","","","","","3","378","504","-126","-33.3"
"JL-788E","GD FUNNEL DECOR HOLDER 370MM","002","005356","TE0300","29/05/2026","3","306","408","-102","-33.3"
"TOTALS:","","","","","","3","306","408","-102","-33.3"
"JL-788F","GD FUNNEL DECOR HOLDER 340MM","002","005356","TE0300","29/05/2026","3","270","360","-90","-33.3"
"TOTALS:","","","","","","3","270","360","-90","-33.3"
"JL-799-1A","GD TROPHY RED RIBBON 560MM(H","003","005374","MSB010","04/06/2026","1","194","216","-22","-11.1"
"TOTALS:","","","","","","1","194","216","-22","-11.1"
"JL-799-1B","GD TROPHY RED RIBBON 470MM(H","003","005355","JAM010","29/05/2026","48","6624","8832","-2208","-33.3"
"JL-799-1B","GD TROPHY RED RIBBON 470MM(H","003","005374","MSB010","04/06/2026","1","166","184","-18","-11.1"
"TOTALS:","","","","","","49","6790","9016","-2226","-32.8"
"JL-799-1C","GD TROPHY RED RIBBON 410MM(H","003","005355","JAM010","29/05/2026","48","5760","7680","-1920","-33.3"
"TOTALS:","","","","","","48","5760","7680","-1920","-33.3"
"JL-898C","GOLD CUP LEAFY BODY 305MM(H)","003","005355","JAM010","29/05/2026","40","3300","4400","-1100","-33.3"
"TOTALS:","","","","","","40","3300","4400","-1100","-33.3"
"JL-899C","GOLD CUP WEAT HANDLE 305MM(H","003","005355","JAM010","29/05/2026","48","4284","5712","-1428","-33.3"
"TOTALS:","","","","","","48","4284","5712","-1428","-33.3"
"JL-A1","SUNRISE HOLDER 140MM (H)","003","005381","UBMM01","08/06/2026","20","298","320","-22","-7.5"
"TOTALS:","","","","","","20","298","320","-22","-7.5"
"JL-A2","3 RIBBONS HOLDER 150MM (H)","002","005367","DST010","03/06/2026","100","1472","1600","-128","-8.7"
"JL-A2","3 RIBBONS HOLDER 150MM (H)","003","005381","UBMM01","08/06/2026","20","298","320","-22","-7.5"
"TOTALS:","","","","","","120","1770","1920","-150","-8.5"
"JL-DP22","SML BLUE CROWN HOLD W/BASE 1","001","005340","BB0100","27/05/2026","1","32","46","-14","-42.9"
"TOTALS:","","","","","","1","32","46","-14","-42.9"
"JL-DS6750-A","GD/BLK SOCCER BALL CUP 400MM","002","005356","TE0300","29/05/2026","2","300","400","-100","-33.3"
"TOTALS:","","","","","","2","300","400","-100","-33.3"
"JL-DS6750-B","GD/BLK SOCCER BALL CUP 370MM","002","005356","TE0300","29/05/2026","2","264","352","-88","-33.3"
"TOTALS:","","","","","","2","264","352","-88","-33.3"
"JL-DS6750-C","GD/BLK SOCCER BALL CUP 335MM","002","005356","TE0300","29/05/2026","2","228","304","-76","-33.3"
"TOTALS:","","","","","","2","228","304","-76","-33.3"
"JL-G2091-1BZ","BZ STAR HOLDER ON BASE 220MM","002","005356","TE0300","29/05/2026","10","480","640","-160","-33.3"
"TOTALS:","","","","","","10","480","640","-160","-33.3"
"JL-G2091-1GD","GD STAR HOLDER ON BASE 220MM","002","005356","TE0300","29/05/2026","10","480","640","-160","-33.3"
"JL-G2091-1GD","GD STAR HOLDER ON BASE 220MM","003","005379","FP0200","05/06/2026","1","56","64","-8","-13.6"
"TOTALS:","","","","","","11","536","704","-168","-31.3"
"JL-G2091-1SV","SV STAR HOLDER ON BASE 220MM","002","005356","TE0300","29/05/2026","10","480","640","-160","-33.3"
"TOTALS:","","","","","","10","480","640","-160","-33.3"
"JL-GD015A","STARS RED CROWN 335MM (H)","003","005355","JAM010","29/05/2026","67","5025","6700","-1675","-33.3"
"TOTALS:","","","","","","67","5025","6700","-1675","-33.3"
"JL-GD015C","STARS NO RED CROWN 245MM (H)","002","005356","TE0300","29/05/2026","3","153","204","-51","-33.3"
"TOTALS:","","","","","","3","153","204","-51","-33.3"
"JL-L01-BZ","BRONZE LEAVE MEDAL 50MM(DIA)","003","005381","UBMM01","08/06/2026","20","195","176","19","9.9"
"TOTALS:","","","","","","20","195","176","19","9.9"
"JL-L01-GD","GOLD LEAVE MEDAL 50MM (DIA)","003","005381","UBMM01","08/06/2026","100","977","880","97","9.9"
"TOTALS:","","","","","","100","977","880","97","9.9"
"JL-S01-GD","GOLD SOCCER MEDAL  52MM(DIA)","003","005341","TP0200","27/05/2026","200","1760","2200","-440","-25.0"
"TOTALS:","","","","","","200","1760","2200","-440","-25.0"
"JL-S01-SV","SILVER SOCCER MEDAL  52MM(DI","003","005341","TP0200","27/05/2026","100","880","1100","-220","-25.0"
"TOTALS:","","","","","","100","880","1100","-220","-25.0"
"JL-SF01-BZ","SUNFLOWER BRONZE  50MM","001","005340","BB0100","27/05/2026","7","54","77","-23","-42.9"
"TOTALS:","","","","","","7","54","77","-23","-42.9"
"JL-SF01-GD","SUNFLOWER GOLD  50MM","001","005340","BB0100","27/05/2026","7","54","77","-23","-42.9"
"JL-SF01-GD","SUNFLOWER GOLD  50MM","002","005347","TA0100","29/05/2026","60","528","660","-132","-25.0"
"TOTALS:","","","","","","67","582","737","-155","-26.7"
"JL-SF01-SV","SUNFLOWER SILVER 50MM","001","005340","BB0100","27/05/2026","7","54","77","-23","-42.9"
"TOTALS:","","","","","","7","54","77","-23","-42.9"
"JL-SR02-BZ","SCROLL/RIBBON MEDAL BZ 50MM","002","005344","TB0100","28/05/2026","42","347","462","-116","-33.3"
"TOTALS:","","","","","","42","347","462","-116","-33.3"
"JL-SR02-GD","SCROLL/RIBBON MEDAL GD 50MM","002","005344","TB0100","28/05/2026","55","454","605","-151","-33.3"
"JL-SR02-GD","SCROLL/RIBBON MEDAL GD 50MM","002","005348","TB0100","29/05/2026","3","25","33","-8","-33.3"
"TOTALS:","","","","","","58","479","638","-160","-33.3"
"JL-SR02-SV","SCROLL/RIBBON MEDAL SV 50MM","002","005344","TB0100","28/05/2026","44","363","484","-121","-33.3"
"TOTALS:","","","","","","44","363","484","-121","-33.3"
"JL-T164A","WAVEY GD METAL CUP 350MM (H)","002","005356","TE0300","29/05/2026","3","362","483","-121","-33.3"
"TOTALS:","","","","","","3","362","483","-121","-33.3"
"JL-T164B","WAVEY GD METAL CUP 315MM (H)","002","005356","TE0300","29/05/2026","3","324","432","-108","-33.3"
"TOTALS:","","","","","","3","324","432","-108","-33.3"
"JL-T166A","SILVER CUP BLUE STEM 355MM (","002","005356","TE0300","29/05/2026","3","394","525","-131","-33.3"
"JL-T166A","SILVER CUP BLUE STEM 355MM (","003","005379","FP0200","05/06/2026","4","616","700","-84","-13.6"
"TOTALS:","","","","","","7","1010","1225","-215","-21.3"
"JL-T166B","SILVER CUP BLUE STEM 325MM (","002","005356","TE0300","29/05/2026","3","344","459","-115","-33.3"
"TOTALS:","","","","","","3","344","459","-115","-33.3"
"JL-T166C","SILVER CUP BLUE STEM 285MM (","002","005356","TE0300","29/05/2026","3","306","408","-102","-33.3"
"TOTALS:","","","","","","3","306","408","-102","-33.3"
"JL-T169A","GD METAL CUP 360MM (H)","002","005344","TB0100","28/05/2026","1","118","157","-39","-33.3"
"JL-T169A","GD METAL CUP 360MM (H)","002","005356","TE0300","29/05/2026","3","353","471","-118","-33.3"
"TOTALS:","","","","","","4","471","628","-157","-33.3"
"JL-T169B","GD METAL CUP 325MM (H)","002","005344","TB0100","28/05/2026","1","105","140","-35","-33.3"
"JL-T169B","GD METAL CUP 325MM (H)","002","005356","TE0300","29/05/2026","3","315","420","-105","-33.3"
"TOTALS:","","","","","","4","420","560","-140","-33.3"
"JL-T169C","GD METAL CUP 300MM (H)","002","005344","TB0100","28/05/2026","1","89","119","-30","-33.3"
"JL-T169C","GD METAL CUP 300MM (H)","002","005356","TE0300","29/05/2026","3","268","357","-89","-33.3"
"TOTALS:","","","","","","4","357","476","-119","-33.3"
"JL-TF017-A","STAR HOLDER ON BASE 250MM (H","002","005356","TE0300","29/05/2026","2","90","120","-30","-33.3"
"TOTALS:","","","","","","2","90","120","-30","-33.3"
"JL-TF017-B","STAR HOLDER ON BASE 210MM (H","002","005356","TE0300","29/05/2026","2","72","96","-24","-33.3"
"TOTALS:","","","","","","2","72","96","-24","-33.3"
"JL-TF017-C","STAR HOLDER ON BASE 180MM (H","002","005356","TE0300","29/05/2026","2","60","80","-20","-33.3"
"TOTALS:","","","","","","2","60","80","-20","-33.3"
"JL-TF025A-HLR","GD HOLDER W/GD RIBBON 160MM(","002","005367","DST010","03/06/2026","2","33","36","-3","-8.7"
"TOTALS:","","","","","","2","33","36","-3","-8.7"
"JL-TF025BB-HLR","GD HOLDER W/BL RIBBON 140MM(","002","005356","TE0300","29/05/2026","18","243","324","-81","-33.3"
"TOTALS:","","","","","","18","243","324","-81","-33.3"
"JL-TF025BC-HLR","GD HOLDER W/BL RIBBON 110MM(","002","005356","TE0300","29/05/2026","20","210","280","-70","-33.3"
"TOTALS:","","","","","","20","210","280","-70","-33.3"
"JL-XD005-BZ","BZ OPEN CUP 205MM (H)","002","005344","TB0100","28/05/2026","1","60","80","-20","-33.3"
"TOTALS:","","","","","","1","60","80","-20","-33.3"
"JL-XD005-GD","GD OPEN CUP 205MM (H)","002","005344","TB0100","28/05/2026","1","60","80","-20","-33.3"
"TOTALS:","","","","","","1","60","80","-20","-33.3"
"JL-XD005-SV","SV OPEN CUP 205MM (H)","002","005344","TB0100","28/05/2026","1","60","80","-20","-33.3"
"TOTALS:","","","","","","1","60","80","-20","-33.3"
"JL-YK601G-A","GD/GREEN FUNNEL CHALISE 380M","002","005356","TE0300","29/05/2026","3","522","696","-174","-33.3"
"TOTALS:","","","","","","3","522","696","-174","-33.3"
"JL-YK601G-B","GD/GREEN FUNNEL CHALISE 360M","002","005356","TE0300","29/05/2026","3","428","599","-171","-40.0"
"TOTALS:","","","","","","3","428","599","-171","-40.0"
"JL-YK601G-C","GD/GREEN FUNNEL CHALISE 320M","002","005356","TE0300","29/05/2026","3","378","504","-126","-33.3"
"TOTALS:","","","","","","3","378","504","-126","-33.3"
"JL-YK611","STAR HOLDER ON BASE 245MM(H)","002","005356","TE0300","29/05/2026","10","405","540","-135","-33.3"
"TOTALS:","","","","","","10","405","540","-135","-33.3"
"JL-YK612A","HOLDER/STARS GD 285MM(H)","002","005356","TE0300","29/05/2026","5","300","400","-100","-33.3"
"TOTALS:","","","","","","5","300","400","-100","-33.3"
"JL-YK612B","HOLDER/STARS GD 255MM(H)","002","005356","TE0300","29/05/2026","5","255","340","-85","-33.3"
"TOTALS:","","","","","","5","255","340","-85","-33.3"
"JL-YK612C","HOLDER/STARS GD 225MM(H)","002","005356","TE0300","29/05/2026","5","210","280","-70","-33.3"
"TOTALS:","","","","","","5","210","280","-70","-33.3"
"JL-YK624A","SOCCER GD TROPHY 235MM(H)","002","005346","FDS010","29/05/2026","1","98","120","-22","-22.0"
"JL-YK624A","SOCCER GD TROPHY 235MM(H)","002","005356","TE0300","29/05/2026","3","270","360","-90","-33.3"
"TOTALS:","","","","","","4","368","480","-112","-30.3"
"JL-YK624B","SOCCER SV TROPHY 220MM(H)","002","005346","FDS010","29/05/2026","1","85","104","-19","-22.0"
"JL-YK624B","SOCCER SV TROPHY 220MM(H)","002","005356","TE0300","29/05/2026","3","234","312","-78","-33.3"
"TOTALS:","","","","","","4","319","416","-97","-30.3"
"JL-YK624C","SOCCER GD TROPHY 210MM(H)","002","005346","FDS010","29/05/2026","1","79","96","-17","-22.0"
"JL-YK624C","SOCCER GD TROPHY 210MM(H)","002","005356","TE0300","29/05/2026","3","216","288","-72","-33.3"
"TOTALS:","","","","","","4","295","384","-89","-30.3"
"LC-02164A","DROPLET DIAMOND BALLS 210MM(","003","005343","SM0200","28/05/2026","10","2763","3070","-307","-11.1"
"TOTALS:","","","","","","10","2763","3070","-307","-11.1"
"LD-5004","SHIELD AND ORANGE OVAL 160MM","002","005372","LYE010","04/06/2026","1","152","165","-13","-8.7"
"TOTALS:","","","","","","1","152","165","-13","-8.7"
"LD-54-120","TROPHY 120MM(D) 140MM(H) *","002","000177","PA0400","27/05/2026","-10","-1785","-2100","315","-17.6"
"LD-54-120","TROPHY 120MM(D) 140MM(H) *","002","005332","PA0400","27/05/2026","10","1785","2100","-315","-17.6"
"LD-54-120","TROPHY 120MM(D) 140MM(H) *","002","005339","PA0400","27/05/2026","10","1575","2100","-525","-33.3"
"LD-54-120","TROPHY 120MM(D) 140MM(H) *","002","005344","TB0100","28/05/2026","3","473","630","-158","-33.3"
"LD-54-120","TROPHY 120MM(D) 140MM(H) *","002","005346","FDS010","29/05/2026","8","1378","1680","-302","-22.0"
"LD-54-120","TROPHY 120MM(D) 140MM(H) *","002","005370","TA0100","04/06/2026","18","3402","3780","-378","-11.1"
"TOTALS:","","","","","","39","6827","8190","-1363","-20.0"
"LD-611-170","**ROUND B/BASE BLUE MOON 205","003","000178","UBMM01","01/06/2026","-6","-2656","-2856","200","-7.5"
"LD-611-170","**ROUND B/BASE BLUE MOON 205","003","005357","UBMM01","01/06/2026","6","2656","2856","-200","-7.5"
"LD-611-170","**ROUND B/BASE BLUE MOON 205","003","005358","UBMM01","01/06/2026","6","2370","2856","-486","-20.5"
"TOTALS:","","","","","","6","2370","2856","-486","-20.5"
"LD-GT00-L","PLAIN ROUND ON BASE 220(H) 2","002","005356","TE0300","29/05/2026","3","455","606","-152","-33.3"
"LD-GT00-L","PLAIN ROUND ON BASE 220(H) 2","002","005361","TDG020","02/06/2026","1","172","202","-30","-17.6"
"TOTALS:","","","","","","4","626","808","-182","-29.0"
"LD-GT00-M","PLAIN ROUND ON BASE 190(H) 1","002","005356","TE0300","29/05/2026","3","389","519","-130","-33.3"
"LD-GT00-M","PLAIN ROUND ON BASE 190(H) 1","002","005361","TDG020","02/06/2026","1","147","173","-26","-17.6"
"TOTALS:","","","","","","4","536","692","-156","-29.0"
"LD-GT00-S","PLAIN ROUND ON BASE 160(H) 1","002","005356","TE0300","29/05/2026","3","324","432","-108","-33.3"
"LD-GT00-S","PLAIN ROUND ON BASE 160(H) 1","002","005361","TDG020","02/06/2026","1","122","144","-22","-17.6"
"TOTALS:","","","","","","4","446","576","-130","-29.0"
"LD-GT01-L","SQUARE GLASS 220MM (H)","002","005356","TE0300","29/05/2026","3","356","474","-118","-33.3"
"TOTALS:","","","","","","3","356","474","-118","-33.3"
"LD-GT01-M","SQUARE GLASS 185MM (H)","002","005356","TE0300","29/05/2026","3","324","432","-108","-33.3"
"TOTALS:","","","","","","3","324","432","-108","-33.3"
"LD-GT01-S","SQUARE GLASS 155MM (H)","002","005356","TE0300","29/05/2026","3","293","390","-97","-33.3"
"TOTALS:","","","","","","3","293","390","-97","-33.3"
"LD-GT03-L","TRIANGLE GLASS 215MM (H)","002","005356","TE0300","29/05/2026","3","506","675","-169","-33.3"
"TOTALS:","","","","","","3","506","675","-169","-33.3"
"LD-GT03-M","TRIANGLE GLASS 185MM (H)","002","005356","TE0300","29/05/2026","3","423","564","-141","-33.3"
"TOTALS:","","","","","","3","423","564","-141","-33.3"
"LD-GT03-S","TRIANGLE GLASS 155MM (H)","002","005356","TE0300","29/05/2026","3","338","450","-113","-33.3"
"TOTALS:","","","","","","3","338","450","-113","-33.3"
"LD-GT08-L","EIGHT SIDE GLASS 220MM (H)","002","005356","TE0300","29/05/2026","3","437","582","-146","-33.3"
"LD-GT08-L","EIGHT SIDE GLASS 220MM (H)","002","005361","TDG020","02/06/2026","1","165","194","-29","-17.6"
"TOTALS:","","","","","","4","601","776","-175","-29.0"
"LD-GT08-M","EIGHT SIDE GLASS 190MM (H)","002","005356","TE0300","29/05/2026","3","374","498","-125","-33.3"
"LD-GT08-M","EIGHT SIDE GLASS 190MM (H)","002","005361","TDG020","02/06/2026","2","282","332","-50","-17.6"
"TOTALS:","","","","","","5","656","830","-174","-26.6"
"LD-GT08-S","EIGHT SIDE GLASS 155MM (H)","002","005356","TE0300","29/05/2026","3","308","411","-103","-33.3"
"TOTALS:","","","","","","3","308","411","-103","-33.3"
"LD-K02-L","LEAF - YELLOW PIECE 250MM (H","002","005366","PA0400","03/06/2026","25","4165","4900","-735","-17.6"
"TOTALS:","","","","","","25","4165","4900","-735","-17.6"
"LD-K02-S","LEAF - YELLOW PIECE 180MM (H","002","005372","LYE010","04/06/2026","1","142","154","-12","-8.7"
"TOTALS:","","","","","","1","142","154","-12","-8.7"
"LD-K03-L","SLANTED - GREEN PIECE 245MM","002","005373","FM0200","04/06/2026","2","372","392","-20","-5.3"
"TOTALS:","","","","","","2","372","392","-20","-5.3"
"LD-K04-TEAL-S","HORIZ RECTANGEL TEAL 130MM (","002","005373","FM0200","04/06/2026","1","160","168","-8","-5.3"
"TOTALS:","","","","","","1","160","168","-8","-5.3"
"LD-K05-PUR-L","LONG LEAF PURPLE 240MM (H)","003","005342","ECS010","28/05/2026","1","183","203","-20","-11.1"
"TOTALS:","","","","","","1","183","203","-20","-11.1"
"LD-T029-L","PILLAR TR 255MM","003","000175","SN0200","27/05/2026","-20","-6300","-8400","2100","-33.3"
"LD-T029-L","PILLAR TR 255MM","003","005334","SN0200","27/05/2026","30","9450","12600","-3150","-33.3"
"TOTALS:","","","","","","10","3150","4200","-1050","-33.3"
"LD-T029-S","PILLAR TR 200MM","003","005334","SN0200","27/05/2026","17","4463","5950","-1488","-33.3"
"TOTALS:","","","","","","17","4463","5950","-1488","-33.3"
"LD-T082-100","ROUND ON BASE 100MM(D) 115MM","002","005375","CTA010","04/06/2026","4","452","476","-24","-5.3"
"LD-T082-100","ROUND ON BASE 100MM(D) 115MM","002","005376","IT0100","05/06/2026","3","321","357","-36","-11.1"
"TOTALS:","","","","","","7","774","833","-60","-7.7"
"LD-T082-150","ROUND ON BASE 150MM(D) 165MM","002","005377","HD0100","05/06/2026","5","832","945","-113","-13.6"
"TOTALS:","","","","","","5","832","945","-113","-13.6"
"LD-T082-80","ROUND ON BASE 80MM(D) 95MM(H","002","005376","IT0100","05/06/2026","3","246","273","-27","-11.1"
"TOTALS:","","","","","","3","246","273","-27","-11.1"
"RH-01-Y","YELLOW SILKY RIBBON 400MM (L","001","005340","BB0100","27/05/2026","1","3","4","-1","-42.9"
"TOTALS:","","","","","","1","3","4","-1","-42.9"
"SP-CS103020-B","KH-SMALL BASE BLACK 100*30*2","003","005334","SN0200","27/05/2026","12","239","319","-80","-33.3"
"TOTALS:","","","","","","12","239","319","-80","-33.3"
"ST-C","SELLOTAPE CLEAR 55*156MM*220","003","005374","MSB010","04/06/2026","1","53","59","-6","-11.1"
"TOTALS:","","","","","","1","53","59","-6","-11.1"
"ZJ-0120A","GOLD METAL CUP 490MM (H)","002","005356","TE0300","29/05/2026","3","610","813","-203","-33.3"
"TOTALS:","","","","","","3","610","813","-203","-33.3"
"ZJ-0120B","GOLD METAL CUP 445MM (H)","002","005356","TE0300","29/05/2026","3","527","714","-188","-35.6"
"TOTALS:","","","","","","3","527","714","-188","-35.6"
"ZJ-0120C","GOLD METAL CUP 400MM (H)","002","005356","TE0300","29/05/2026","3","461","615","-154","-33.3"
"TOTALS:","","","","","","3","461","615","-154","-33.3"
"ZJ-2066-A","GOLD KINGS CUP 575MM (H)","003","005352","TC0700","29/05/2026","1","263","351","-88","-33.3"
"ZJ-2066-A","GOLD KINGS CUP 575MM (H)","002","005356","TE0300","29/05/2026","2","527","702","-176","-33.3"
"ZJ-2066-A","GOLD KINGS CUP 575MM (H)","002","005364","TD0100","02/06/2026","2","667","702","-35","-5.3"
"TOTALS:","","","","","","5","1457","1755","-298","-20.5"
"ZJ-2066-B","GOLD KINGS CUP 510MM (H)","003","005352","TC0700","29/05/2026","3","720","960","-240","-33.3"
"ZJ-2066-B","GOLD KINGS CUP 510MM (H)","002","005356","TE0300","29/05/2026","2","480","640","-160","-33.3"
"ZJ-2066-B","GOLD KINGS CUP 510MM (H)","003","005374","MSB010","04/06/2026","2","576","640","-64","-11.1"
"TOTALS:","","","","","","7","1776","2240","-464","-26.1"
"ZJ-2066-C","GOLD KINGS CUP 445MM (H)","003","005352","TC0700","29/05/2026","1","211","281","-70","-33.3"
"ZJ-2066-C","GOLD KINGS CUP 445MM (H)","002","005356","TE0300","29/05/2026","2","422","562","-141","-33.3"
"ZJ-2066-C","GOLD KINGS CUP 445MM (H)","003","005374","MSB010","04/06/2026","1","253","281","-28","-11.1"
"TOTALS:","","","","","","4","885","1124","-239","-27.0"
"ZJ-209","GD SOCCER BOOT & BALL 190MM(","002","000177","PA0400","27/05/2026","-5","-451","-530","80","-17.6"
"ZJ-209","GD SOCCER BOOT & BALL 190MM(","002","005332","PA0400","27/05/2026","5","451","530","-80","-17.6"
"ZJ-209","GD SOCCER BOOT & BALL 190MM(","002","005339","PA0400","27/05/2026","5","398","530","-133","-33.3"
"ZJ-209","GD SOCCER BOOT & BALL 190MM(","002","005356","TE0300","29/05/2026","6","477","636","-159","-33.3"
"TOTALS:","","","","","","11","875","1166","-292","-33.3"
"ZJ-27-A","GOLD CUP PINE CONE 225MM(H)","002","005347","TA0100","29/05/2026","3","149","186","-37","-25.0"
"TOTALS:","","","","","","3","149","186","-37","-25.0"
"ZJ-27-B","GOLD CUP PINE CONE 205MM(H)","002","005347","TA0100","29/05/2026","3","130","162","-32","-25.0"
"TOTALS:","","","","","","3","130","162","-32","-25.0"
"ZJ-27-C","GOLD CUP PINE CONE 185MM(H)","002","005347","TA0100","29/05/2026","3","110","138","-28","-25.0"
"TOTALS:","","","","","","3","110","138","-28","-25.0"
"ZJ-28-A","SILVER CUP PINE CONE 220MM(H","002","005347","TA0100","29/05/2026","3","149","186","-37","-25.0"
"TOTALS:","","","","","","3","149","186","-37","-25.0"
"ZJ-28-B","SILVER CUP PINE CONE 200MM(H","002","005347","TA0100","29/05/2026","3","130","162","-32","-25.0"
"TOTALS:","","","","","","3","130","162","-32","-25.0"
"ZJ-28-C","SILVER CUP PINE CONE 180MM(H","002","005347","TA0100","29/05/2026","3","110","138","-28","-25.0"
"TOTALS:","","","","","","3","110","138","-28","-25.0"
"ZJ-303-4C","HANDLED GOLD CUP 330MM(H) #","003","005350","VE0100","29/05/2026","20","1600","2000","-400","-25.0"
"TOTALS:","","","","","","20","1600","2000","-400","-25.0"
"ZJ-923C","SV / GD PRINCE CUP 615MM (H)","002","005356","TE0300","29/05/2026","1","677","902","-226","-33.3"
"TOTALS:","","","","","","1","677","902","-226","-33.3"
"ZJ-F03-BZ","BIG MEDAL & FLAME BZ 65MM(DI","002","000174","TT0700","26/05/2026","-12","-140","-156","16","-11.1"
"ZJ-F03-BZ","BIG MEDAL & FLAME BZ 65MM(DI","002","005329","TT0700","26/05/2026","12","140","156","-16","-11.1"
"ZJ-F03-BZ","BIG MEDAL & FLAME BZ 65MM(DI","002","005330","TT0700","26/05/2026","12","125","156","-31","-25.0"
"TOTALS:","","","","","","12","125","156","-31","-25.0"
"ZJ-GX2-C","GOLD CUP; ROYAL 300MM","002","005356","TE0300","29/05/2026","2","210","280","-70","-33.3"
"TOTALS:","","","","","","2","210","280","-70","-33.3"
"ZJ-HL-B","BIG SV CUP WOODEN BASE 605MM","002","005356","TE0300","29/05/2026","1","707","943","-236","-33.3"
"TOTALS:","","","","","","1","707","943","-236","-33.3"
"ZJ-MR01-GR","GREEN MATTE MEDAL HOLDER 430","001","005340","BB0100","27/05/2026","7","15","21","-6","-42.9"
"TOTALS:","","","","","","7","15","21","-6","-42.9"
"ZJ-MR01-RD","RED MATTE MEDAL HOLDER 430MM","002","000177","PA0400","27/05/2026","-500","-1275","-1500","225","-17.6"
"ZJ-MR01-RD","RED MATTE MEDAL HOLDER 430MM","002","005332","PA0400","27/05/2026","500","1275","1500","-225","-17.6"
"ZJ-MR01-RD","RED MATTE MEDAL HOLDER 430MM","003","005335","WHC010","27/05/2026","200","468","600","-132","-28.2"
"ZJ-MR01-RD","RED MATTE MEDAL HOLDER 430MM","002","005339","PA0400","27/05/2026","500","1125","1500","-375","-33.3"
"ZJ-MR01-RD","RED MATTE MEDAL HOLDER 430MM","001","005340","BB0100","27/05/2026","7","15","21","-6","-42.9"
"ZJ-MR01-RD","RED MATTE MEDAL HOLDER 430MM","002","005363","ME0100","02/06/2026","200","570","600","-30","-5.3"
"TOTALS:","","","","","","907","2178","2721","-543","-24.9"
"ZJ-MR01-YE","YELLOW MATTE MEDAL HOLDER 43","003","005333","WHC010","27/05/2026","100","234","300","-66","-28.2"
"ZJ-MR01-YE","YELLOW MATTE MEDAL HOLDER 43","001","005340","BB0100","27/05/2026","7","15","21","-6","-42.7"
"TOTALS:","","","","","","107","249","321","-72","-29.1"
"ZJ-SR01-GD","SCROLL/RIBBON MEDAL GD 65MM","002","005344","TB0100","28/05/2026","28","273","364","-91","-33.3"
"TOTALS:","","","","","","28","273","364","-91","-33.3"
"ZJ-T140C-BZ","WAVE CUP; BRONZE 290MM","002","005356","TE0300","29/05/2026","3","277","369","-92","-33.3"
"TOTALS:","","","","","","3","277","369","-92","-33.3"
"ZJ-T140C-GD","WAVE CUP; GOLD 290MM","002","005356","TE0300","29/05/2026","3","277","369","-92","-33.3"
"TOTALS:","","","","","","3","277","369","-92","-33.3"
"ZJ-T140C-SV","WAVE CUP; SILVER 290MM","002","005356","TE0300","29/05/2026","3","277","369","-92","-33.3"
"TOTALS:","","","","","","3","277","369","-92","-33.3"
"ZJ-YG157-BZ","FUNNEL CUP BRONZE 255MM(H)","003","005350","VE0100","29/05/2026","10","440","550","-110","-25.0"
"ZJ-YG157-BZ","FUNNEL CUP BRONZE 255MM(H)","002","005356","TE0300","29/05/2026","5","206","275","-69","-33.3"
"TOTALS:","","","","","","15","646","825","-179","-27.7"
"ZJ-YG157-GD","FUNNEL CUP GOLD 255MM(H)","003","005350","VE0100","29/05/2026","10","440","550","-110","-25.0"
"ZJ-YG157-GD","FUNNEL CUP GOLD 255MM(H)","002","005356","TE0300","29/05/2026","5","206","275","-69","-33.3"
"TOTALS:","","","","","","15","646","825","-179","-27.7"
"ZJ-YG157-SV","FUNNEL CUP SILVER` 255MM(H)","003","005350","VE0100","29/05/2026","10","440","550","-110","-25.0"
"ZJ-YG157-SV","FUNNEL CUP SILVER` 255MM(H)","002","005356","TE0300","29/05/2026","5","206","275","-69","-33.3"
"TOTALS:","","","","","","15","646","825","-179","-27.7"
"ZJ-YG159-GD","STAR CHALISE GOLD 160MM(H)","003","005350","VE0100","29/05/2026","10","336","420","-84","-25.0"
"TOTALS:","","","","","","10","336","420","-84","-25.0"
"ZJ-YG159-SV","STAR CHALISE SILVER 160MM(H)","003","005350","VE0100","29/05/2026","9","302","378","-76","-25.0"
"TOTALS:","","","","","","9","302","378","-76","-25.0"
"ZJ-YG218-BZ","BZ 3D MUSIC NOTE 200MM (H)","002","005356","TE0300","29/05/2026","5","174","232","-58","-33.3"
"TOTALS:","","","","","","5","174","232","-58","-33.3"
"ZJ-YG218-GD","GD 3D MUSIC NOTE 200MM (H)","002","005356","TE0300","29/05/2026","5","174","232","-58","-33.3"
"ZJ-YG218-GD","GD 3D MUSIC NOTE 200MM (H)","003","005381","UBMM01","08/06/2026","1","43","46","-3","-7.5"
"TOTALS:","","","","","","6","217","278","-61","-28.2"
"ZJ-YG218-SV","SV 3D MUSIC NOTE 200MM (H)","002","005356","TE0300","29/05/2026","5","174","232","-58","-33.3"
"TOTALS:","","","","","","5","174","232","-58","-33.3"
"ZJ-YG285B","GD SOCCER BALL ON ROCKS 190M","002","005346","FDS010","29/05/2026","1","105","128","-23","-22.0"
"TOTALS:","","","","","","1","105","128","-23","-22.0"
"ZJ-YG285C","GD SOCCER BALL ON ROCKS 145M","002","005346","FDS010","29/05/2026","1","79","96","-17","-22.0"
"TOTALS:","","","","","","1","79","96","-17","-22.0"
"ZJ-YG285D","GD SOCCER BALL ON ROCKS 120M","002","005346","FDS010","29/05/2026","1","52","64","-12","-22.0"
"ZJ-YG285D","GD SOCCER BALL ON ROCKS 120M","003","005374","MSB010","04/06/2026","2","115","128","-13","-11.1"
"TOTALS:","","","","","","3","168","192","-24","-14.5"
"TOTALS:","(INCLUDING TYPE 1 & 2 ITEMS)","","","","","3969","244696","302447","-57751","-23.6"
"TOTALS:","(EXCLUDING TYPE 1 & 2 ITEMS)","","","","","3969","244696","302447","-57751","-23.6"
