Items,price,date
CS-026Y-L,35,2026..
CS-A7-S,28,2026..
CS-50-L,25.5,2026..
CS-50-M,22.5,2026..
CS-50-S,17.5,2026..
CS-56-L,25.5,2026..
CS-56-M,22.5,2026..
CS-56-S,17.5,2026..
CS-8830,9.5,2026..
CS-A7-L,36,2026..
CS-A7-M,33,2026..
CS-A70,42,2026..
LD-K02-M,25,2026..
CS-AF-01,18.5,2026..
CS-AF-02,15.5,2026..
CS-AF-03,16.5,2026..
CS-AF-04,20.5,2026..
CS-AF-05,16.5,2026..
CS-BB12-L,42,2026..
CS-BB12-M,36,2026..
CS-BB12-S,31,2026..
CS-C-4,14,2026..
CS-45-S,15,2026..
CS-45-M,20,2026..
CS-45-L,23,2026..
CS-195A-S,28,2026..
LD-GT08-M,21,2026..
LD-GT010-L,35,2026..
LD-90-S,48,2026..
CS-026Y-M,31,2026..
CS-026Y-S,28,2026..
CS-08B-L,35,2026..
CS-08B-M,28,2026..
CS-08B-S,24,2026..
CS-101040-B,29,2026..
CS-101040-C,21,2026..
CS-135025-B,12,2026..
CS-137030-B,18.5,2026..
CS-137030-C,14,2026..
CS-158010-C,3.5,2026..
CS-158040-B,28,2026..
CS-158040-C,18,2026..
CS-184-L,55,2026..
CS-184-S,42,2026..
CS-195A-M,32,2026..
CS-C-65,14,2026..
CS-C-8,16,2026..
CS-CB60,3.8,2026..
CS-KH204,12.5,2026..
CS-N54-160G,19,2026..
CS-PRI-01,29,2026..
CS-PRI-03,38,2026..
CS-PRI-04,29,2026..
CS-CLP01,18,2026..
CS-CLP02,15,2026..
CS-CLP03,16,2026..
CS-CLP04,20,2026..
CS-CLP05,16,2026..
LD-067-L,60,2026..
LD-067-M,52,2026..
LD-067-S,50,2026..
LD-07,16,2026..
LD-07B,18,2026..
LD-54-120,30,2026..
LD-54-140,33,2026..
LD-54-160,39,2026..
LD-54-180,50,2026..
LD-90-M,58,2026..
CS-KH205,12.5,2026..
CS-KH203,12.5,2026..
CS-D60,3.6,2026..
CS-KH202,12.5,2026..
CS-D80,5.5,2026..
CS-FH-5L,32,2026..
CS-FH-5M,24,2026..
CS-FH-5S,15,2026..
CS-H-1,25,2026..
CS-H-15,25,2026..
CS-H-2,25,2026..
CS-H-20,25,2026..
CS-H-3,25,2026..
CS-HEX01-L,27,2026..
CS-HEX01-S,18,2026..
CS-J-68,13,2026..
CS-J-7B,12.5,2026..
CS-J-8,12.5,2026..
CS-K05-L,51,2026..
CS-K05-M,40,2026..
CS-K05-S,32,2026..
CS-K08-S,46,2026..
CS-KH201,12.5,2026..
LD-K01-L,29,2026..
CS-CB80,8,2026..
LD-K02-S,22,2026..
JL-L02-GD,1.35,2026..
JL-TF017-A,7.5,2026..
JL-T164C,14.5,2026..
JL-T164A,19,2026..
JL-SF01-SV,1.35,2026..
JL-SF01-GD,1.35,2026..
JL-SF01-BZ,1.35,2026..
JL-MM01-SV,1.45,2026..
JL-MM01-GD,1.45,2026..
JL-MM01-BZ,1.45,2026..
JL-GD015C,8.5,2026..
JL-899B,19,2026..
JL-GD015B,11.5,2026..
JL-GD015A,12.5,2026..
JL-DP23,6,2026..
JL-DP22,6,2026..
JL-CU02-SV,1.35,2026..
JL-CU02-GB,1.35,2026..
JL-CU02-BZ,1.35,2026..
JL-A2,2.1,2026..
JL-A1,1.9,2026..
JL-TF017-C,5,2026..
JL-U-2,1.95,2026..
JL-W02-BZ,1.35,2026..
JL-W02-GD,1.35,2026..
LD-K03-L,28,2026..
ZJ-YG304-C,7.5,2026..
ZJ-YG304-B,9,2026..
ZJ-YG304-A,11.5,2026..
ZJ-DIY27,1.65,2026..
ZJ-DIY16,1.65,2026..
ZJ-DIY04,1.8,2026..
ZJ-303-4D,9.5,2026..
ZJ-303-4C,12.5,2026..
ZJ-0120C,25,2026..
ZJ-0120B,29,2026..
ZJ-0120A,33,2026..
JL-WF01-SV,2.05,2026..
JL-WF01-GD,2.05,2026..
JL-WF01-BZ,2.05,2026..
JL-W03-SV,1.45,2026..
JL-W03-GD,1.45,2026..
JL-W03-BZ,1.45,2026..
JL-W02-SV,1.35,2026..
JL-899C,14,2026..
JL-TF017-B,6,2026..
JL-899A,23,2026..
LD-5002,22,2026..
LD-L01G-S,24,2026..
LD-L01G-M,27,2026..
LD-L01G-L,30,2026..
LD-L01B-S,24,2026..
LD-L01B-M,27,2026..
LD-L01B-L,30,2026..
LD-5006,22,2026..
LD-5005,22,2026..
LD-5003,22,2026..
LD-5001,22,2026..
LD-R01R-M,39,2026..
LD-T082-150,27,2026..
LD-T082-120,21,2026..
LD-T082-100,17,2026..
LD-T029-S,50,2026..
LD-T029-M,55,2026..
LD-L30,4,2026..
LD-L25,2,2026..
LD-K03-S,22,2026..
LD-K03-M,25,2026..
LD-R01R-L,43,2026..
LD-5004,22,2026..
JL-4066B,32,2026..
JL-137R-C,10,2026..
JL-898C,13,2026..
LD-R01R-S,35,2026..
JL-898B,17,2026..
JL-898A,23,2026..
JL-855C,5.3,2026..
JL-4066D,25,2026..
JL-4066C,28,2026..
JL-3064C,27,2026..
JL-3064B,30,2026..
JL-3064A,33,2026..
JL-137R-B,11.5,2026..
JL-137R-A,12,2026..
JL-137B-C,10,2026..
JL-137B-B,11.5,2026..
JL-137B-A,12,2026..
LD-R01Y-S,35,2026..
LD-R01Y-M,39,2026..
LD-R01Y-L,43,2026..
JL-911B,15,2025.06.26
JL-781-3A,23,2025.06.26
JL-911A,17,2025.06.26
JL-781-3B,20,2025.06.26
JL-781-3C,17,2025.06.26
JL-787SV-A,16,2025.06.26
JL-787SV-B,12,2025.06.26
JL-787SV-C,9,2025.06.26
KK-558CL-A,11.8,2025.06.26
LD-K02-L,28,2025.06.26
LD-611-170BS,10,2025.06.26
LD-611-150BS,9,2025.06.26
LD-K01-S,23,2025.06.26
LD-K01-M,36,2025.06.26
LD-L40,4,2025.06.26
LD-T082-80,13,2025.06.26
LD-T083,35,2025.06.26
LD-611-140BS,8,2025.06.26
JL-911C,13,2025.06.26
ZJ-YG291-B,9,2025.06.26
ZJ-5030A,43,2025.06.26
ZJ-5030B,38,2025.06.26
ZJ-5030C,32,2025.06.26
ZJ-DIY13C,1.65,2025.06.26
ZJ-HL-B,115,2025.06.26
ZJ-SR01-BZ,1.7,2025.06.26
ZJ-SR01-SV,1.7,2025.06.26
ZJ-T140C-BZ,14.5,2025.06.26
ZJ-T140C-SV,14.5,2025.06.26
ZJ-YG157-GD,6.5,2025.06.26
ZJ-YG159-GD,5,2025.06.26
ZJ-YG291-C,7.5,2025.06.26
ZJ-YG285B,16,2025.06.26
LD-GT01-M,20,2025.06.26
JL-G2091-1BZ,8,2025.06.26
JL-G2091-1GD,8,2025.06.26
JL-G2091-1SV,8,2025.06.26
JL-SR02-GD,1.35,2025.06.26
JL-W01-GD,1.45,2025.06.26
JL-W01-SV,1.45,2025.06.26
JL-YK601G-A,29,2025.06.26
JL-YK601G-B,25,2025.06.26
JL-YK601G-C,21,2025.06.26
JL-YK611,6.7,2025.06.26
LD-GLB80-1,11,2025.06.26
CS-815,48,2025.06.26
CS-A70B,46,2025.06.26
CS-AA-8,88,2025.06.26
CS-BA100,20,2025.06.26
CS-GM60P,3.8,2025.06.26
CS-GM70P,4.2,2025.06.26
CS-GR05-B,58,2025.06.26
CS-H-5,25,2025.06.26
CS-816,55,2025.06.26
CS-810,48,2025.06.26
ZJ-YG285D,8,2025.06.26
CS-101140T-C,21,2025.06.26
CS-168035-B,27.5,2025.06.26
CS-168035-C,20,2025.06.26
CS-55-M,22.5,2025.06.26
CS-55-S,17.5,2025.06.26
CS-H280-L,60,2025.06.26
CS-HEX01-M,22,2025.06.26
CS-SB80,8.5,2025.06.26
CS-555-C,6.8,2025.06.26
CS-666-C,9.5,2025.06.26
LD-110S,30,2025.06.26
LD-611-140,47,2025.06.26
LD-611-150,51,2025.06.26
LD-611-170,58,2025.06.26
LD-90-L,68,2025.06.26
CS-12B-L,33,2025.06.26
CS-SB60,5,2025.06.26
CS-J-13B,12.5,2025.06.26
CS-MAP-L,55,2025.06.26
CS-N54-140G,16,2025.06.26
CS-PP102-L,38,2025.06.26
CS-PP102-M,33,2025.06.26
CS-PP102-S,28,2025.06.26
CS-PP102G-M,33,2025.06.26
CS-PP45,26,2025.06.26
CS-PP46,26,2025.06.26
CS-PRI-02-R,29,2025.06.26
ZJ-YG285C,12,2025.06.26
ZJ-YG291-A,11.5,2025.06.26
RH-01-G,0.55,2025.06.26
RH-01-Y,0.55,2025.06.26
RH-01-R,0.55,2025.06.26
CS-06B-L,45,2025.01.05
CS-06B-M,40,2025.01.05
CS-FH-5-S,15,2025.01.05
CS FH-5-L,32,2025.01.05
CS-103020-B,3.8,2025.01.05
CS-103020-C,6.8,2025.01.05
CS-QQ-3M,28,2025.01.05
CS-PP102Y-M,33,2025.01.05
CS-MAP-S,38,2025.01.05
CS-MAP-M,45,2025.01.05
CS-HB80,4.8,2025.01.05
SPARE PIECE FOR CS-EW,0.8,2025.01.05
LD-014,40,2025.01.05
LD-S110,17,2025.01.05
LD-S90,14,2025.01.05
LD-GT08-S,18,2025.01.05
LD-GT08-L,25,2025.01.05
LD-GT03-S,19,2025.01.05
LD-GT03-M,23,2025.01.05
LD-GT03-L,28,2025.01.05
LD-100T,55,2025.01.05
CS-KH14-S,41,2025.01.05
CS-206030-C,15.5,2025.01.05
CS-184-M,46,2025.01.05
CS-135025-C,9,2025.01.05
CS-06B-S,35,2025.01.05
CS-CG01,78,2025.01.05
CS-KH14-L,64,2025.01.05
CS-K08-M,50,2025.01.05
CS-K08-L,57,2025.01.05
CS-J-60,12.5,2025.01.05
CS-J-6,12.5,2025.01.05
CS-CG01-BL,65,2025.01.05
CS-GB80,12.5,2025.01.05
CS-GB60,6.5,2025.01.05
CS-EW01-SV,35,2025.01.05
CS-EW01-GD,35,2025.01.05
CS-EW01-BZ,35,2025.01.05
CS-D100,10.5,2025.01.05
CS-CG01-YE,65,2025.01.05
CS-CG01-GR,65,2025.01.05
CS-CG01-RD,65,2025.01.05
CS-KH14-M,56,2025.01.05
LD-TR045-M,28,2025.01.05
GH-3044,23,2025.01.05
GH-3048,23,2025.01.05
ZJ-27-C,5.8,2025.01.05
ZJ-27-B,6.8,2025.01.05
ZJ-27-A,7.8,2025.01.05
ZJ-2066-B,41,2025.01.05
ZJ-2066-A,45,2025.01.05
ZJ-205C,15,2025.01.05
ZJ-205B,19,2025.01.05
ZJ-205A,24,2025.01.05
ZJ-16109-GD,7.5,2025.01.05
JL-TWS01-SV,10,2025.01.05
JL-TWS01-GD,10,2025.01.05
JL-TWS01-BZ,10,2025.01.05
JL-YK612C,7,2025.01.05
JL-YK612B,8.5,2025.01.05
JL-YK612A,10,2025.01.05
JL-YK157-R,9.5,2025.01.05
JL-YK157-C,9,2025.01.05
JL-YK157-B,9.5,2025.01.05
ZJ-923C,110,2025.01.05
ZJ-DIY07,1.8,2025.01.05
ZJ-YG157-SV,6.5,2025.01.05
HX-4012A,40,2025.01.05
HX-4011C,34,2025.01.05
HX-3123B,22,2025.01.05
HX-3049-B,18.5,2025.01.05
HX-2291,22,2025.01.05
ZJ-YG239-C,6.5,2025.01.05
ZJ-YG239-B,8,2025.01.05
ZJ-YG239-A,10.5,2025.01.05
ZJ-YG229A-R,8.5,2025.01.05
ZJ-DIY14,1.8,2025.01.05
ZJ-YG157-BZ,6.5,2025.01.05
ZJ-YG-248,7.2,2025.01.05
ZJ-MR01-RD,0.38,2025.01.05
ZJ-MR01-GR,0.38,2025.01.05
ZJ-MR01-BL,0.38,2025.01.05
ZJ-M01-SV,1.7,2025.01.05
ZJ-M01-GD,1.7,2025.01.05
ZJ-M01-BZ,1.7,2025.01.05
ZJ-GX2-C,16.5,2025.01.05
JL-799-1A,27,2025.01.05
JL-799-1C,20,2025.01.05
JL-799-1B,23,2025.01.05
JL-787C,9,2025.01.05
JL-A7,2.1,2025.01.05
JL-787B,12,2025.01.05
JL-787A,16,2025.01.05
JL-677R-C,14,2025.01.05
JL-677R-B,16,2025.01.05
JL-677R-A,18,2025.01.05
JL-1509C,28,2025.01.05
JL-DP20,4.7,2025.01.05
JL-T163C,14.5,2025.01.05
JL-W01-BZ,1.45,2025.01.05
JL-U-3,2.1,2025.01.05
JL-U-1,2.1,2025.01.05
JL-TF025A-HLR,2.3,2025.01.05
JL-TF017A-HLR,2.3,2025.01.05
JL-T163B,17,2025.01.05
JL-T163A,19,2025.01.05
JL-S01-SV,1.45,2025.01.05
JL-S01-GD,1.45,2025.01.05
JL-S01-BZ,1.45,2025.01.05
JL-L01-SV,1.4,2025.01.05
JL-L01-GD,1.4,2025.01.05
JL-L01-BZ,1.4,2025.01.05
HX5444-C8,16,2025.01.05
HX5291-B,19,2025.01.05
HX3883-B6,17,2025.01.05
RH-01-B,0.55,2025..
CS-BIG5-ELEP,28,2025..
CS-BIG5-RHND,28,2025..
CS-BIG5-LEOP,35,2025..
CS-HGB40,4,2025..
CS-135025,9,2025..
CS-103020,5.2,2025..
CS-PP102R-S,28,2025..
CS-PP102R-M,33,2025..
CS-PP102R-L,38,2025..
CS-BIG5-BUFF,28,2025..
CS-BIG5-LION,28,2025..
LD-T029-L,60,2025..
LD-GT01-S,18,2025..
LD-GT01-L,22,2025..
LD-GT00-S,20,2025..
LD-GT00-M,24,2025..
LD-GT00-L,28,2025..
CS-CLP,17,2025..
CS-44-S,15,2025..
CS-59-1S,20,2025..
CS-59-1M,25,2025..
CS-59-1L,29,2025..
CS-44-M,20,2025..
CS-A4,34,2025..
CS-44-L,23,2025..
CS-2HB-L,27,2025..
CS-2HB-M,23,2025..
CS-2HB-XL,31,2025..
CS-GB40,4,2025..
CS-H280-S,37,2025..
CS-D58,21,2025..
CS-D46,13,2025..
CS-CB40,1.8,2025..
JL-QS061-BC,11,2025..
ZJ-16109GD,7.5,2025..
JL-797C,11,2025..
JL-797B,13,2025..
JL-797A,15,2025..
JL-796D,17,2025..
JL-796C,21,2025..
JL-796B,25,2025..
JL-2404-1C,29,2025..
JL-2404-1B,33,2025..
JL-2404-1A,37,2025..
JL-T169C,14,2025..
JL-T169B,16.5,2025..
JL-T169A,18.5,2025..
JL-SGLS01-GD,8,2025..
ZJ-2066-C,36,2025..
ZJ-209,12.5,2025..
ZJ-MR01-WH,0.38,2025..
GH-3043,23,2025..
ZJ-YG218-SV,5.8,2025..
ZJ-YG218GD,5.8,2025..
ZJ-YG218-BZ,5.8,2025..
ZJ-YG159-SV,5,2025..
ZJ-T140C-GD,14.5,2025..
ZJ-MR01-BK,0.38,2025..
ZJ-M01GD,1.7,2025..
ZJ-M01BZ,1.7,2025..
ZJ-F03GD,1.7,2025..
JL-2068-A,44,2025..
JL-1509D,25,2025..
JL-1509B,32,2025..
LD-K06-PK-S,24,2025..
LD-K06-PK-M,26,2025..
LD-K06-PK-L,28,2025..
LD-K05-PUR-S,23,2025..
LD-K05-PUR-M,26,2025..
LD K05-PUR-L,29,2025..
LD-K04-TEAL-S,24,2025..
LD-K04-TEAL-M,28,2025..
LD-K04-TEAL-L,30,2025..
JL-3083A,41,2025..
JL-3083B,36,2025..
JL-3083C,31,2025..
JL-788F,15,2025..
JL-F01-GD,1.35,2025..
JL-DS6750-C,19,2025..
JL-DS6750-B,22,2025..
JL-DS6750-A,25,2025..
JL-788E,17,2025..
JL-677B-A,18,2025..
JL-788D,21,2025..
JL-7872G-C,15,2025..
JL-7872G-B,19,2025..
JL-7872G-A,23,2025..
JL-677B-C,14,2025..
JL-677B-B,16,2025..
GH-3068,65,2025..
JL-2068-B,40,2024.08.14
胶水,65,2024.08.14
CS-707070C,13.5,2024.08.14
CS-808028LED,11,2024.08.14
CS-J-4B,13,2024.08.14
JL-T168A,19,2024.08.14
ZJ-A2-SV,1.15,2024.08.14
ZJ-A2-BZ,1.15,2024.08.14
ZJ-1582A,85,2024.08.14
ZJ-MR01-YE,0.38,2024.08.14
ZJ-YG218-GD,5.8,2024.08.14
ZJ-YG226-B,8,2024.08.14
JL-T168B,17,2024.08.14
JL-YK624C,12,2024.08.14
JL-T168C,14.5,2024.08.14
JL-YK624B,13,2024.08.14
JL-TF025BA-HLR,2.7,2024.08.14
JL-TF025BB-HLR,2.2,2024.08.14
JL-TF025BC-HLR,1.8,2024.08.14
JL-YK624A,15,2024.08.14
JL-XD005-GD,10.5,2024.08.14
GH-3047,60,2024.05.05
GH-3106,55,2024.05.05
GH-2396,85,2024.05.05
GH-3041,38,2024.05.05
GH-3040,50,2024.05.05
GH-3046,48,2024.05.05
GLUE01,78,2024.05.05
CS-814,58,2024.05.05
CS-68S,19,2024.05.05
CS-68M,24,2024.05.05
JL-T164B,17,2024.05.05
JL-T166A,21,2024.05.05
JL-T166B,18,2024.05.05
HX-1804-B,18,2024.05.05
HX-1705-9,56,2024.05.05
HX-1695-A6,23,2024.05.05
HX-1613-B,24,2024.05.05
HX-1575,22,2024.05.05
HX-1261-B,19.5,2024.05.05
CS-67S,19,2024.05.05
JL-SF01-GD (REPLACEMENT),1.35,2024.05.05
JL-WF01-BR,2.05,2024.05.05
JL-D01-BR,2.05,2024.05.05
JL-D01-SV,2.05,2024.05.05
JL-D01-GD,2.05,2024.05.05
JL-T166C,16,2024.05.05
CS-68L,27,2024.05.05
CS-67M,24,2024.05.05
CS-67L,27,2024.05.05
CS-158010,3.5,2024.05.05
CS-66S,19,2024.05.05
CS-66M,24,2024.05.05
CS-66L,27,2024.05.05
CS-65S,19,2024.05.05
CS-65M,24,2024.05.05
CS-65L,27,2024.05.05
CS-PP44,26,2024.05.05
HX-2001,22,2024.05.05
HX-1921-A,28,2024.05.05
HX-2368,32,2024.05.05
HX-3207-B,24,2024.05.05
HX-3684-B11,23.5,2024.05.05
HX-3556-B10,24,2024.05.05
HX-4011-C,34,2024.05.05
HX-4279-A1,31.5,2024.05.05
HX-1876-A,17,2024.05.05
HX-5539-C,15.5,2024.05.05
ZJ-YG-216C,6.5,2024.05.05
ZJ-YG-229C,5.8,2024.05.05
ZJ-YG-229A-R,8.5,2024.05.05
HX-4495-A,32,2024.05.05
ZJ-16109-BZ,7.5,2024.05.05
ZJ-YG159-BZ,5,2024.05.05
ZJ-16109-SV,7.5,2024.05.05
CS-195A-L,36,2024.01.10
CS-55-L,25.5,2024.01.10
KK-GF01-30,55,2024.01.10
爬楼机一台,2980,2024.01.10
KK-GF01-25,45,2024.01.10
KK-GF01-27,48,2024.01.10
CS-QQ-3R,28,2023.09.23
CS-GU-1,34,2023.09.23
CS-RS-1,28,2023.09.23
CS-125025,8.5,2023.09.23
CS-CR4-S,45,2023.09.23
CS-H280-M,45,2023.09.23
ZJ-28-B,6.8,2023.09.23
JL-TF025B-HLR,1.8,2023.09.23
ZJ-28-C,5.8,2023.09.23
JL-YK605B,32,2023.09.23
ZJ-YG-0910,20,2023.09.23
RH-01-BLK,0.55,2023.09.23
RH-01,0.55,2023.09.23
ZJ-YG058C,25,2023.09.23
ZJ-YG058B,28,2023.09.23
ZJ-YG058A,33,2023.09.23
ZJ-YG-091B,24,2023.09.23
ZJ-YG-091A,28,2023.09.23
ZJ-YG235-C,6.5,2023.09.23
ZJ-YG235-B,8,2023.09.23
ZJ-YG235-A,10.5,2023.09.23
ZJ-YG226-C,6.5,2023.09.23
JL-YK605C,27,2023.09.23
JL-YK605A,39,2023.09.23
JL-2068-C,36,2023.09.23
JL-QS061-BA,14.5,2023.09.23
JL-QS061-BB,12.5,2023.09.23
JL-168C,14.5,2023.08.22
JL-168B,17,2023.08.22
JL-168A,19,2023.08.22
ZJ-0104A,33,2023.08.22
ZJ-5020C,31,2023.08.22
ZJ-5020B,37,2023.08.22
ZJ-5020A,42,2023.08.22
ZJ-0104C,25,2023.08.22
ZJ-0104B,29,2023.08.22
ZJ-A2-GD,1.15,2023.08.22
JL-TF017C-HLR,1.35,2023.08.22
JL-TF017B-HLR,1.85,2023.08.22
LD-GLB60,8,2023.08.22
CS-PP102-S-B,31,2023.08.22
CS-PP102-M-B,36,2023.08.22
LD-GLB60-1,8,2023.08.22
SELLO TAPE-BROWN,8.6,2023.08.22
SELLO TAPE-CLEAR,7.4,2023.08.22
LD-611-150-BP,18,2023.08.22
LD-P102-M,65,2023.08.22
LD-P102-L,75,2023.08.22
ZJ-M04-GD,1.7,2023.04.30
ZJ-SR01-GD,1.7,2023.04.30
ZJ-M04-BZ,1.7,2023.04.30
ZJ-M04-SV,1.7,2023.04.30
ZJ-F03-BZ,1.7,2023.04.30
ZJ-F03-GD,1.7,2023.04.30
ZJ-F03-SV,1.7,2023.04.30
ZJ-CLR-1-GD,2.8,2023.04.30
ZJ-CLR-1-SV,2.8,2023.04.30
ZJ-CLR-1-BZ,2.8,2023.04.30
ZJ-YG226-A,10.5,2023.04.30
ZJ-CLR-2-SV,2.8,2023.04.30
LD-T82-150,27,2023.04.30
ZJ-28-A,7.8,2023.04.30
ZJ-CLR-2-GD,2.8,2023.04.30
JL-2068-A ,44,2023.04.30
ZJ-CLR-2-BZ,2.8,2023.04.30
JL-U-3 ,2.1,2023.04.30
JL-TF017 ,2.1,2023.04.30
JL-U-1 ,2.1,2023.04.30
JL-U-2 ,1.95,2023.04.30
JL-7872G-C ,15,2023.04.30
JL-2068-B ,40,2023.04.30
ZJ-YG-117,0.52,2023.04.30
JL-7872G-A ,23,2023.04.30
CS-GM65P,3.8,2023.04.30
CS-101140T-B,29,2023.04.30
CS-PP71G-S,38,2023.04.30
CS-PP71G-L,45,2023.04.30
CS-PP71G-M,41,2023.04.30
DIY-FOOT,0.7,2022.12.18
HX-1920B,20,2022.12.18
HX-1925,18,2022.12.18
CS-BA80,9.6,2022.12.18
CS-A4-P,38,2022.12.18
CS-611-50,65,2022.12.18
HX-1921A,28,2022.12.18
HX-1968,28,2022.12.18
JL-788SD,19,2022.12.18
JL-788SE (SOCCER),17,2022.12.18
L-788SF (SOCCER),15,2022.12.18
JL-YK601GB,25,2022.12.18
JL-679E,4.5,2022.12.18
JL-TF017A,7.5,2022.12.18
JL-TF017B,6,2022.12.18
JL-TF017C,5,2022.12.18
JL-QS061-BC (BLUE,11,2022.12.18
HH-MR01Y,0.35,2022.12.18
HX-4239-A,28.5,2022.12.18
HX-4892-B1,27,2022.12.18
HH-F160,2.2,2022.12.18
HH-F163,2.2,2022.12.18
HH-MR01-B,0.35,2022.12.18
HH-MR01-G,0.35,2022.12.18
HH-MR01R,0.35,2022.12.18
HH-R001,2.2,2022.12.18
JL-QS061-BB (BLUE,12.5,2022.12.18
HH5020A,37,2022.12.18
HH5020B,32,2022.12.18
HH5020C,27,2022.12.18
JL-XD005-SV,10.5,2022.12.18
JL-XD005-BZ,10.5,2022.12.18
LD-TP45L,68,2022.12.18
LDT082-150,27,2022.12.18
ZJ-YG239B,8,2022.12.18
ZJ-HG-A,52,2022.12.18
JL-W03－SV,1.45,2022.12.18
JL-W02－SV,1.35,2022.12.18
ZJ-HG-B,47,2022.12.18
JL-788B,30,2022.12.18
JL-788C,26,2022.12.18
ZJ-HG-C,42,2022.12.18
LD-HG70P,7,2022.12.18
LD-100,65,2022.12.18
CS-EWO1-GD,35,2022.12.18
CS-MIC01,26,2022.12.18
LD-40,35,2022.10.26
HH-A2-SV,1.15,2022.10.26
HH-A2-GD,1.15,2022.10.26
HH-A2-BZ,1.15,2022.10.26
HH-5020C,27,2022.10.26
HH-5020B,32,2022.10.26
HH-5020A,37,2022.10.26
JL-W01-BZ SV,1.45,2022.10.26
JL-S01-BZ SV ,1.45,2022.10.26
CS-UE01,29,2022.10.26
CS-LOW01,29,2022.10.26
CS-ED01,29,2022.10.26
CS-EEN01,38,2022.10.26
CS-KR04,2.8,2022.10.26
KK-CB40,5.1,2022.10.26
KK-CB80,13.8,2022.10.26
CS-BB12M,36,2022.10.26
CS-CR4-L,57,2022.10.26
CS-FH-1L,35,2022.10.26
P102-M,73,2022.09.22
P102-L,85,2022.09.22
CS-026-L,35,2022.07.10
CS-026-M,31,2022.07.10
CS-026-S,28,2022.07.10
CS-YC888-L,95,2022.07.10
CS-YC888-M,84,2022.07.10
CS-YC888-S,75,2022.07.10
CS-BLB80,21,2022.07.10
CH-184-L,55,2022.07.10
CH-184-M,46,2022.07.10
CH-184-S,42,2022.07.10
HH-19444-GD,6.8,2022.07.10
HH-MS123-R,5.8,2022.07.10
HH-R001-B,5.8,2022.07.10
"HH-M01-GD,SV",1.8,2022.07.10
HH-M02-SV,2.5,2022.07.10
HH-M02-GD,2.5,2022.07.10
HH-M02-BZ,2.5,2022.07.10
HH-MR01,0.35,2022.07.10
JL-667B-A,18,2022.07.10
JL-667B-C,14,2022.07.10
LD-110S BASE,27,2022.07.10
HH-19443-GD,6.8,2022.07.10
HH-19441-GD,6.8,2022.07.10
HH-0104A,34,2022.07.10
LD-029-L,55,2022.07.10
LD-029-M,50,2022.07.10
LD-029-S,45,2022.07.10
RH-RIBBON,0.55,2022.07.10
LD-67-M,53,2022.03.00
HH-19436-C,25,2022.03.00
HH-YG049,1.42,2022.03.00
HH-19442-GD,6.8,2022.03.00
JL-3064-B,30,2022.03.00
CS-06-M,40,2022.03.00
CS-06-L,45,2022.03.00
"PP102-S
(BLUE PIECE) EXTRA",13,2022.03.00
"PP102-L
(BLUE PIECE) EXTRA",22,2022.03.00
"PP102-M
(BLUE PIECE) EXTRA",17,2022.03.00
KK-558CL,10.8,2022.03.00
KK-ENB60,10.3,2022.03.00
KK-ENB80,17.5,2022.03.00
CS-AH-3,60,2022.03.00
HX1197-A6,40.5,2021.05.02
万源HX1571-C,10.5,2021.05.02
LD-090-L,65,2021.04.20
LD-054-120,28,2021.04.20
LD-054-140,30,2021.04.20
LD-054-160,36,2021.04.20
XY45L,23,2021.04.20
CS-021-5,21,2021.04.20
CS-021-4,21,2021.04.20
CS-021-3,21,2021.04.20
CS-021-2,21,2021.04.20
CS-021-1,21,2021.04.20
HX1645-A,19.5,2021.04.20
LD0611-150,58,2021.04.20
HX4495-A,32,2021.04.20
XY50S,14,2021.04.20
JL677C,16,2021.04.20
JL677B,17,2021.04.20
JL677A,18,2021.04.20
JL3083B,37,2021.04.20
JL3064B,30,2021.04.20
佳润JL3064A,33,2021.04.20
HX4012-A,40,2021.04.20
LD0611-140,53,2021.04.20
HX1891-C,20,2021.04.20
XY45M,20,2021.04.20
LD07,15,2021.04.20
CS-022-103,38,2021.04.20
CS-022-101,34,2021.04.20
CS-022-102,38,2021.04.20
CS-022-104,41,2021.04.20
CS-PP-102-L,40,2021.04.20
CS-KH-205,11.5,2021.04.20
CS-KH-203,11.5,2021.04.20
CS-KH-202,11.5,2021.04.20
CS-KH-201,11.5,2021.04.20
CS-KF-6,22,2021.04.20
CS-KF-2,22,2021.04.20
CS-KF-1,22,2021.04.20
CG01,78,2021.04.20
BP-01 树胶点子,5.5,2021.04.20
CS-PP-71-S,42,2021.04.20
CS-PP-71-M,46,2021.04.20
CS-PP-71-L,50,2021.04.20
CS-PP-46,25,2021.04.20
CS-PP-102R-S,30,2021.04.20
CS-PP-102-M,35,2021.04.20
CS-PP-102-S,30,2021.04.20
CS-PP-102R-L,40,2021.04.20
CS-022-105,42,2021.04.20
CS-022-100-GB,38,2021.04.20
CS-022-100-SV,38,2021.04.20
CS-022-100-GD,38,2021.04.20
CS-H290-S,36,2021.04.20
CS-PP-102R-M,35,2021.04.20
CS-H290-M,42,2021.04.20
CS-H290-L,48,2021.04.20
CS-D-58,21,2021.04.20
XY45S,12.5,2021.04.20
XY55L,24,2021.04.20
XY06L,52,2021.04.20
XY11M,34,2021.04.20
XY11L,38,2021.04.20
XY08S,37,2021.04.20
XY08M,39,2021.04.20
XY08L,41,2021.04.20
XY06S,39,2021.04.20
XY06M,45,2021.04.20
XY55M,21,2021.04.20
XY11S,27,2021.04.20
HH-F160-B ,5.8,2020.03.31
HH-R001-R,2.2,2020.03.31
HH-F163-B ,5.8,2020.03.31
JL-899B ,19,2020.03.31
HH-F153-R ,5.8,2020.03.31
JL-S123-C ,18,2020.03.31
JL-S123-B ,21,2020.03.31
HH-R018 ,5.8,2020.03.31
JL-S123-A ,24,2020.03.31
HH-R014,5.8,2020.03.31
CS-135025 ,8,2020.03.31
HH-S-GD1 ,11,2020.03.31
CH-184-S ,40,2020.03.31
XY-06-M ,45,2020.03.31
CS-158040-B ,22,2020.03.31
CS-158040-C ,18,2020.03.31
CS-206030 ,14.5,2020.03.31
CS-8830 ,8.5,2020.03.31
CS-A7-L ,34,2020.03.31
XY-06-L,52,2020.03.31
XY-59-L ,26,2020.03.31
XY-06-S ,39,2020.03.31
JT-D100 ,9.5,2020.03.31
JL-899A ,23,2020.03.31
JL-4066D ,23,2020.03.31
JL-4066C ,26,2020.03.31
JL-4066B ,30,2020.03.31
JL-3083C ,32,2020.03.31
JL-3083B ,37,2020.03.31
JL-3083A ,42,2020.03.31
JT-GB60 ,6.5,2020.03.31
JT-D120 ,18,2020.03.31
XY-08-L ,41,2020.03.31
JT-666-C ,9.5,2020.03.31
JT-558-CL ,6.5,2020.03.31
JT-555-C ,5,2020.03.31
XY-59-XL ,30,2020.03.31
XY-59-M ,24,2020.03.31
CS-BA100 ,20,2020.03.31
XY-08-S ,37,2020.03.31
XY-08-M ,39,2020.03.31
CS-A7-S ,27,2020.03.31
CS-C-65 ,14,2020.03.31
CS-BA80 ,9.2,2020.03.31
CS-BB12-L ,36,2020.03.31
CS-PP44 ,25,2020.03.31
CS-PP45 ,25,2020.03.31
CS-PP46 ,25,2020.03.31
CS-SS180 ,45,2020.03.31
CS-SS200 ,50,2020.03.31
CS-SS220 ,55,2020.03.31
LD-T45-L,60,2020.03.31
LD-T45-S,40,2020.03.31
LD-T46-L,60,2020.03.31
LD-T46-M,40,2020.03.31
LD-GLB80,11,2020.03.31
CS-PP102R-S ,30,2020.03.31
CS-PP102R-M ,35,2020.03.31
CS-PP102R-L ,40,2020.03.31
CS-H280-S ,35,2020.03.31
CS-BB12-M ,29,2020.03.31
CS-BB12-S ,25,2020.03.31
CS-CR4-L ,54,2020.03.31
CS-CR4-S ,42,2020.03.31
CS-D58 ,21,2020.03.31
CS-H-15 ,24,2020.03.31
CS-H280-L ,57,2020.03.31
CS-H280-M ,45,2020.03.31
CS-H-3 ,24,2020.03.31
CS-KH205 ,11.5,2020.03.31
CS-H-5 ,24,2020.03.31
CS-J-6 ,12,2020.03.31
CS-J-68 ,12,2020.03.31
CS-J-8 ,12,2020.03.31
CS-J-60 ,12,2020.03.31
CS-K05-L ,48,2020.03.31
CS-KH14-L ,58,2020.03.31
CS-KH202 ,11.5,2020.03.31
CS-KH203 ,11.5,2020.03.31
JL-899C ,14,2020.03.31
XY-50-L,25,2019.12.09
CS-2HY-L,25,2019.12.09
LD-99-S,40,2019.12.09
LD029-M,45,2019.12.09
LD029-L,50,2019.12.09
LD054-180,45,2019.12.09
LD054-160,36,2019.12.09
LD054-140,32,2019.12.09
LD054-120,28,2019.12.09
CS-2HY-S,18,2019.12.09
TS01-SV,12,2019.12.09
LK-PF0270G,30,2019.12.09
CS-RA5-M,58,2019.12.09
CS-RA5-L,68,2019.12.09
XY-50-M,21,2019.12.09
TS01-GD,12,2019.12.09
ZJ-28B,6.8,2019.12.09
ZJ-27C,5.8,2019.12.09
ZJ-27B,6.8,2019.12.09
ZJ-27A,7.8,2019.12.09
JT-CB80,8.5,2019.12.09
JL-637C,23,2019.12.09
JL-637B,26,2019.12.09
JL-637A,29,2019.12.09
HX-3123,22,2019.12.09
HX-1804 B,18,2019.12.09
HX-1920-B,20,2019.12.09
HX-1261,18.5,2019.12.09
XY-69,47,2019.12.09
XY-45-M,20,2019.12.09
XY-44-S,12.5,2019.12.09
ZJ-28C,7.8,2019.12.09
ZJ-28A,5.8,2019.12.09
HH-F153,2.2,2019.12.09
ZJ-DTY13C,1.65,2019.12.09
TS01-BZ,12,2019.12.09
HH-MS123,2.2,2019.12.09
HH-MS109,2.2,2019.12.09
XY-50-S,14,2019.12.09
YG-159-S,5,2019.12.09
YG-159-G,5,2019.12.09
YG-159-B,5,2019.12.09
YG-157-S,6.5,2019.12.09
YG-157-G,6.5,2019.12.09
YG-157-B,6.5,2019.12.09
"19444 GD,SV,BZ",6.8,2019.10.21
XY-45-S,12.5,2019.10.21
XY-44-M,20,2019.10.21
"19442 GD,SV,BZ",6.8,2019.10.21
,6.8,2019.10.21
19374-A,43,2019.10.21
CS-101040W,16.5,2019.10.21
CS-137030B,15,2019.10.21
CS-137030W,13,2019.10.21
CH-184L,52,2019.10.21
CH-184M,44,2019.10.21
19374-B,31,2019.10.21
CS-101040B,19.5,2019.10.21
CS-168035B,19,2019.10.21
CS-168035W,21.5,2019.10.21
CS-S-11,46,2019.10.21
BM22,5.8,2019.10.21
"19443 GD,SV,BZ",6.8,2019.10.21
19375-A,34,2019.10.21
205A,24,2019.10.21
205B,19,2019.10.21
205C,15,2019.10.21
209B,12.5,2019.10.21
HL-B,115,2019.10.21
SY-2C,180,2019.10.21
YG157,6.5,2019.10.21
YG159,5,2019.10.21
YG218-S,5.8,2019.10.21
YG218-B,5.8,2019.10.21
CS-PP-102S,30,2019.10.21
YG218-G,5.8,2019.10.21
LD029-S,40,2019.10.21
LD067-L,55,2019.10.21
LD067-M,50,2019.10.21
LD067-S,45,2019.10.21
LD07B,17,2019.10.21
LD014,35,2019.10.21
LD100,68,2019.10.21
19436-C,25,2019.10.21
19436-B,30,2019.10.21
19436-A,34,2019.10.21
"19441 GD,SV,BZ",6.8,2019.10.21
CS-PP-102L,40,2019.10.21
CS-PP-102M,35,2019.10.21
LC-70SD,4,2019.06.26
LC-70GD,4,2019.06.26
LC-02164A,53,2019.06.26
LC-02304A,50,2019.06.26
LC-HS-17A,17,2019.06.26
ZY-266,19,2019.06.26
LC-HS-14A,17,2019.06.26
LC-HS-19A,17,2019.06.26
LC-HS-22A,17,2019.06.26
ZY-274,20,2019.06.26
LC-Y-01,60,2019.06.26
LC-70KZ,4,2019.06.26
CS-KH-93,27,2019.06.26
CS-DR-419,48,2019.06.26
CS-SG-600L,48,2019.06.26
CS-SG-600M,39,2019.06.26
CS-GH-1,36,2019.06.26
CS-AH-1M,65,2019.06.26
CS-AH-1S,48,2019.06.26
CS-AH-2,21,2019.06.26
ZY-258,19,2019.06.26
ZY-273,20,2019.06.26
XY-75L,23,2019.06.26
XY-75M,20,2019.06.26
CS-AH-4A,62,2019.06.26
NZJ-16109G,6,2019.06.26
NZJ-16109S,6,2019.06.26
NZJ-16109B,6,2019.06.26
NZJ-029-A,12.1,2019.06.26
NZJ-029-B,10.2,2019.06.26
NZJ-029-C,8.4,2019.06.26
NZJ-678-A,4.9,2019.06.26
NZJ-678-B,4.4,2019.06.26
NZJ-678-C,3.85,2019.06.26
JL-866A,13,2019.06.26
JL-866B,11,2019.06.26
JL-866C,9,2019.06.26
HH-0104B,30,2019.06.26
HH-0104C,26,2019.06.26
HH-122A,11,2019.06.26
HH-F160-B,5.8,2019.06.26
XY-71,19,2019.06.26
XY-73L,23,2019.06.26
XY-74S,17,2019.06.26
CS-SG-600S,32,2019.06.26
CS-AH-4B,62,2019.06.26
2017D,25,2019.06.26
GTC-037-180,17,2019.06.26
GTC-037-150,16,2019.06.26
GTC-030-150,17,2019.06.26
CS-AH-5,48,2019.06.26
GTC-031-210,23,2019.06.26
GTC-031-180,19,2019.06.26
MEDAL ROUND ,1.8,2019.06.26
MEDAL 65MM,1.9,2019.06.26
MEDAL-FLAME 65MM,1.9,2019.06.26
MEDAL-CUP,1.35,2019.06.26
MEDAL-LINE,1.3,2019.06.26
MEDAL-FLAME 50MM,1.45,2019.06.26
7895C,26,2019.06.26
TF0149C,17,2019.06.26
TF0149B,19,2019.06.26
FF0149A,21,2019.06.26
637C,23,2019.06.26
637B,26,2019.06.26
637A,29,2019.06.26
1310C,21,2019.06.26
1310B,24,2019.06.26
1310A,27,2019.06.26
GTC-035-180,23,2019.06.26
GTC-032-180,18,2019.06.26
GH-084,38,2019.06.26
GH-019D,13,2019.06.26
GH-019C,19,2019.06.26
GH-019B,21,2019.06.26
GH-083,35,2019.06.26
GH-149,45,2019.06.26
LD-T082-100+BASE,25,2019.06.26
LD-T082-120+BASE,38,2019.06.26
GTC-034-150,13,2019.06.26
CM1584,2.8,2019.06.26
GTC-032-210,20,2019.06.26
CM1384,2.5,2019.06.26
CM994,1.8,2019.06.26
GTC-031-150,16,2019.06.26
GTC-035-210,28,2019.06.26
2017C,29,2019.06.26
ZJ-YG159,5,2019.06.26
ZJ-YG157,6.5,2019.06.26
2017B,33,2019.06.26
ZJ-SY-2C,180,2019.06.26
LG-PF0270B,30,2019.06.26
LG-PF0270S,30,2019.06.26
LG-PF027G,30,2019.06.26
JH-P0099,23.5,2019.06.26
JH-19375C,25,2019.06.26
JH-19375B,30,2019.06.26
JH-SP0049,5.8,2019.06.26
JH-SP0098,5.8,2019.06.26
JH-SP0099,5.8,2019.06.26
JH-19374-D,24,2019.06.26
JH-19374-C,25,2019.06.26
JH-19436-B,30,2019.06.26
JH-19436-A,34,2019.06.26
CS-FH-17L,30,2019.06.26
CS-PAN-200,45,2019.06.26
CS-PAN-180,34,2019.06.26
ZJ-209 ,12.5,2019.06.26
GL-1C,38,2019.06.26
ZJ-YG128,1.7,2019.06.26
911A,17,2019.06.26
911B,15,2019.06.26
911C,13,2019.06.26
157A,21,2019.06.26
157B,19,2019.06.26
157C,17,2019.06.26
2013B,30,2019.06.26
2013C,26,2019.06.26
2013D,22,2019.06.26
GL-1A,48,2019.06.26
GL-1B,43,2019.06.26
1901B,33,2019.06.26
1901C,29,2019.06.26
1901D,25,2019.06.26
CY2017B,36,2019.06.26
CY2017C,32,2019.06.26
CY2017D,28,2019.06.26
ZJ-SUN,1.6,2019.06.26
CS-AH-1L,78,2019.06.26
ZJ-YG152,2,2019.06.26
JT-CK03,1.8,2019.05.21
JT-CK02,2.6,2019.05.21
JL-137A,12,2019.05.21
JL-137B,11.5,2019.05.21
CS-QQ3M,36,2019.05.21
JL-137C,10,2019.05.21
CS-MAPS,37,2019.05.21
CS-H1,24,2019.05.21
CS-KH14L,58,2019.05.21
CS-K08S,44,2019.05.21
CS-K08M,48,2019.05.21
CS-J7B,12,2019.05.21
CS-J60,12,2019.05.21
CS-H20,24,2019.05.21
CS-CR4M,47,2019.05.21
CS-CR4L,54,2019.05.21
CS-CR4,42,2019.05.21
CS-A7S,27,2019.05.21
CS-A7L,34,2019.05.21
CS-KH14M,52,2019.05.21
CS-KH14S,38,2019.05.21
JT-D60,3.8,2019.05.21
XY-59-L,26,2019.05.21
XY-59-XL,30,2019.05.21
XY-61L,23,2019.05.21
XY-61M,20,2019.05.21
XY-61S,17,2019.05.21
XY-62L,23,2019.05.21
XY-62M,20,2019.05.21
XY-62S,17,2019.05.21
XY-63L,23,2019.05.21
XY-63M,20,2019.05.21
XY-63S,17,2019.05.21
XY-64,44,2019.05.21
XY-65,24,2019.05.21
XY-66,24,2019.05.21
XY-67,30,2019.05.21
XY-68,30,2019.05.21
XY-70,19,2019.05.21
XY-72,19,2019.05.21
XY-73M,20,2019.05.21
XY-HORSE,28,2019.05.21
XY-Q40,10,2019.05.21
XY-59-M,24,2019.05.21
XY-73S,17,2019.05.21
XY-53M,21,2019.05.21
LD090-L,60,2019.05.21
LD090-M,50,2019.05.21
LD090-S,40,2019.05.21
LD-HG65P,4.5,2019.05.21
LD-P46-L,60,2019.05.21
LD-T082-10,12.5,2019.05.21
XY-41-S,20,2019.05.21
XY-27,45,2019.05.21
XY-30-M,41,2019.05.21
XY-08-L,41,2019.03.26
XY-08-M,39,2019.03.26
XY-137030,16,2019.03.26
XY-101040,17,2019.03.26
XY-10-L,43,2019.03.26
XY-10-M,36,2019.03.26
XY-10-S,31,2019.03.26
XY-12-L,40,2019.03.26
XY-12-M,36,2019.03.26
XY-12-S,32,2019.03.26
XY-53-M,21,2019.03.26
XY-21-L,55,2019.03.26
XY-Q40 ,10,2019.03.26
DD-047,18,2019.03.26
JL-S123-A,24,2019.03.26
XY-06-M,45,2019.03.26
XY-06-S,39,2019.03.26
LD-090-S,40,2019.03.26
JT-D80R,6.5,2019.03.26
JT-D80Y,6.5,2019.03.26
JT-D80G,6.5,2019.03.26
JT-D60B,3.8,2019.03.26
JT-D60R,3.8,2019.03.26
JT-D60Y,3.8,2019.03.26
JT-D60G,3.8,2019.03.26
JT-D60PI,3.8,2019.03.26
LD-TP45-M,50,2019.03.26
LD-S76,12,2019.03.26
CS-DR-319,22,2019.03.26
JL-3098A,32,2019.03.26
CS-FW-2L,60,2019.03.26
CS-JH-1L,48,2019.03.26
CS-JH-1M,42,2019.03.26
CS-K08--L,54,2019.03.26
CS-SH-L,64,2019.03.26
JL-3098B,31,2019.03.26
JL-3098C,30,2019.03.26
JL-SF02-GD,1.45,2019.03.26
HH-S-BZ,11,2019.03.26
HH-S-GD,11,2019.03.26
HH-S-SV,11,2019.03.26
HH-TS01-BZ,14,2019.03.26
HH-TS01-GD,14,2019.03.26
HH-TS01-SV,14,2019.03.26
HH-MR02-G,0.35,2019.03.26
HH-MR03-Y,0.35,2019.03.26
HH-R013,5.8,2019.03.26
JT-D80B,6.5,2019.03.26
HH-R018,5.8,2019.03.26
JL-137-A,12,2019.01.15
JL-S123-B,21,2019.01.15
YK-170B,19,2019.01.15
YK-170C,17,2019.01.15
YK-176B,15,2019.01.15
YK-176C,12,2019.01.15
HH-F163-B,5.8,2019.01.15
CR-P32-1,21,2019.01.15
CR-P32-2,27,2019.01.15
CR-P32-3,32,2019.01.15
CR-SL027,16,2019.01.15
CR-SL048-2,19,2019.01.15
CR-SL048-3,24,2019.01.15
CR-SL101-1,17,2019.01.15
CR-SL101-2,19,2019.01.15
CR-SL101-3,24,2019.01.15
CR-SL025,11,2019.01.15
NZJ-027-60,6.2,2019.01.15
XY-45-L,23,2019.01.15
HX1571-B,13,2019.01.15
HX1804-B,16,2019.01.15
HX1993-B,16.5,2019.01.15
HX2497-B,14.5,2019.01.15
XY-44-L,23,2019.01.15
NZJ-027-70,7.3,2019.01.15
JL-137-B,11.5,2019.01.15
JL-137-C,10,2019.01.15
NZJ-027-80,9.15,2019.01.15
GTC-030-180,21,2019.01.02
GTC-032-150,16,2019.01.02
GTC-034-180,17,2019.01.02
GTC-034-210,23,2019.01.02
GTC-035-150,18,2019.01.02
JT-558-CL,6.5,2019.01.02
CS-GR05,56,2019.01.02
CS-BP01,5.5,2019.01.02
JT-D80,5,2019.01.02
CS-KH-222,11.5,2019.01.02
IGD-05,36.5,2019.01.02
XY-101040B,18.5,2019.01.02
XY-14-L,55,2019.01.02
XY-158035,20,2019.01.02
XY-158040,19,2019.01.02
XY-158040B,21,2019.01.02
JT-666-C,9.5,2019.01.02
CS-2HB-S,18,2019.01.02
CS-8830B,9.8,2019.01.02
CS-BA-5,24,2019.01.02
CS-Q-1,19,2019.01.02
CS-Q-3,19,2019.01.02
CS-QQ-2M,33,2019.01.02
HH-F153-B,5.8,2019.01.02
GTC-037-210,18,2019.01.02
JL-S123-C,18,2019.01.02
COLOUR GLUE,70,2019.01.02
LD-018,52,2019.01.02
CM-994,2,2019.01.02
CM-1884,3.2,2019.01.02
CM-1584,2.6,2019.01.02
CM-1384,2.3,2019.01.02
PW-8025,14,2019.01.02
5014C,30,2018.09.06
YG153,2.2,2018.09.06
COLUMN,9.3,2018.09.06
5030C,20,2018.09.06
5030B,24,2018.09.06
5030A,29,2018.09.06
5015C,29,2018.09.06
5015A,39,2018.09.06
YG117,0.52,2018.09.06
5014B,35,2018.09.06
JL-MEDAL,1.5,2018.09.06
5014A,40,2018.09.06
1201B,44,2018.09.06
1201A,49,2018.09.06
5015B,34,2018.09.06
1201C,39,2018.09.06
3064B,30,2018.09.06
3064C,27,2018.09.06
3064A,33,2018.09.06
GTC-030-210,25,2018.08.16
YK157C BLUE,9.5,2018.08.16
667BC,14,2018.08.16
YK178A RED,26,2018.08.16
JT-SB80 ,8,2018.07.31
YK153B,14,2018.07.31
XY12L,40,2018.07.31
XY12S,32,2018.07.31
XY158035,19,2018.07.31
XY158035B,21,2018.07.31
XY158040,18,2018.07.31
XY20M,32,2018.07.31
JL-YK153A,17,2018.07.31
YK082A,20,2018.07.31
YK153C,11,2018.07.31
YK082B,17,2018.07.31
YK082C,14,2018.07.31
YK170B,18,2018.07.31
YK176C,11,2018.07.31
JL-676A,17,2018.07.31
JL-676B,16,2018.07.31
JL-676C,15,2018.07.31
YK176B,14,2018.07.31
CS-A702B,39,2018.07.31
JT-GB80,10.5,2018.07.31
JT-GB40,3.6,2018.07.31
JT-D100,9.5,2018.07.31
JT -CK03,1.8,2018.07.31
JT5515-CL,10.3,2018.07.31
YK178A-RB,26,2018.07.31
CS-CR05,56,2018.07.31
CS-KF1,22,2018.07.31
CS-KF6,22,2018.07.31
CS-PP102S,25,2018.07.31
XY206030,17,2018.07.31
YK170C,11,2018.07.31
YK178B-RB,23,2018.07.31
SL125 2#,13,2018.07.31
SL134 2#,9,2018.07.31
SL062 1#,24,2018.07.31
SL062 2#,30,2018.07.31
SL062 3#,38,2018.07.31
YK178C-RB,20,2018.07.31
LD40,30,2018.07.31
LD-CY040B,52,2018.07.31
SL134 1#,7,2018.07.31
SL144 3#,13,2018.07.31
667RB,16,2018.07.31
YK178A-R,26,2018.07.31
YK178B-R,23,2018.07.31
YK178C-R,20,2018.07.31
YK157C-B,9.5,2018.07.31
SL144 2#,12,2018.07.31
YK157C-C,8.8,2018.07.31
667BA-B,18,2018.07.31
667BB-B,16,2018.07.31
667BC-B,14,2018.07.31
667RA,18,2018.07.31
YK157C-R,9.5,2018.07.31
667RC,14,2018.07.31
SL144 1#,10,2018.07.31
CR-SL130 1#,16,2018.07.31
SL130 2#,18,2018.07.31
SL130 3#,20,2018.07.31
SL048 2#,24,2018.07.31
D1Y02,2.5,2018.07.31
SL101 2#,19,2018.07.31
SL101 3#,24,2018.07.31
P32 2#,27,2018.07.31
RH-YELLOW RIBBON,0.5,2018.07.12
PW8025,14,2018.06.30
XY-51-M,21,2018.06.06
CS-K9-1B,28,2018.06.06
CS-ZHY-2-L,25,2018.06.06
CS-ZHY-2-M,21,2018.06.06
CS-ZHY-2-S,18,2018.06.06
CS-ZHY-2-XL,28,2018.06.06
XY-51-S,15,2018.06.06
XY-53-L,24,2018.06.06
XY-51-L,24,2018.06.06
XY-52-S,15,2018.06.06
XY-52-L,24,2018.06.06
CS-E-58S,42,2018.06.06
XY-53-XL,27,2018.06.06
XY-54-S,15,2018.06.06
XY-54-M,21,2018.06.06
XY-54-L,24,2018.06.06
XY-55-S,15,2018.06.06
CS-C-1-L,46,2018.06.06
CS-E-58M,45,2018.06.06
CR-SL125-3,14,2018.06.06
CR-SL048-1,15,2018.06.06
CR-SL125-1,11,2018.06.06
CR-SL125-2,13,2018.06.06
CS-E-58L,49,2018.06.06
CR-SL134-2,9,2018.06.06
CR-SL134-3,10,2018.06.06
CR-SL138-1,15,2018.06.06
CR-SL138-2,17,2018.06.06
CR-SL138-3,22,2018.06.06
CR-SL144-2,12,2018.06.06
XY-55-L,24,2018.06.06
CS-C-1-M,38,2018.06.06
CS-C-1-S,28,2018.06.06
XY-55-M,21,2018.06.06
XY-52-M,21,2018.06.06
XY-56-S,15,2018.06.06
ZJ-16729-S,7.5,2018.06.06
ZJ-302-A,24.5,2018.06.06
ZJ-302-C,18.5,2018.06.06
ZJ-7018-BL,12.5,2018.06.06
ZJ-7018-GR,12.5,2018.06.06
ZJ-7018-R,12.5,2018.06.06
ZJ-905-SV,17.5,2018.06.06
ZJ-HB2020C,18,2018.06.06
ZJ-HB2097C,17,2018.06.06
ZJ-HB2098C,17,2018.06.06
LD070-L,75,2018.06.06
LD070-M,58,2018.06.06
LD079,50,2018.06.06
LD90-L,60,2018.06.06
LD90-M,50,2018.06.06
LD-BOX,45,2018.06.06
LD-SANDPAPER,10,2018.06.06
XY-56-M,21,2018.06.06
ZJ-192,16.5,2018.06.06
ZJ-122B,18,2018.06.06
HX1921-A,25,2018.06.06
XY-56-L,24,2018.06.06
XY-57-S,39,2018.06.06
ZJ-007C,10.5,2018.06.06
XY-57-M,41,2018.06.06
XY-57-L,43,2018.06.06
XY-58-S,39,2018.06.06
XY-58-M,43,2018.06.06
XY-58-L,49,2018.06.06
HX1197,31.5,2018.06.06
HX1695-A6,18,2018.06.06
LD-POWDER,80,2018.06.06
HX2243-B,18.5,2018.06.06
DD-016,18,2018.06.06
DD-051,18,2018.06.06
HX2291-B,17.5,2018.06.06
DD-025,18,2018.06.06
DD-029,18,2018.06.06
DD-053,18,2018.06.06
HX3123-B,18,2018.06.06
CS-J13B,12,2018.04.20
CS-J8B,12,2018.04.20
CS-J68,12,2018.04.20
CS-J68B,12,2018.04.20
CS-J6B,12,2018.04.20
CS-HK3X,66,2018.04.20
CS-PP71L,50,2018.04.20
CS-PP71M,46,2018.04.20
CS-PP71S,42,2018.04.20
CS-Q3,19,2018.04.20
CS-QQ2M,44,2018.04.20
CS-PP102L,40,2018.04.20
CS-J13,12,2018.04.20
CS-H37,24,2018.04.20
XY14M,49,2018.04.20
XY01S,34,2018.04.20
XY101040,15.5,2018.04.20
XY10M,36,2018.04.20
XY10S,31,2018.04.20
XY137030,16,2018.04.20
XY137030B,18,2018.04.20
XY14L,55,2018.04.20
XY14S,45,2018.04.20
CS-H34,24,2018.04.20
XY20L,38,2018.04.20
CS-CR4-M,47,2018.04.20
CS-H-280L,57,2018.04.20
LD-054-180,45,2018.04.20
LD-TP45-L,58,2018.04.20
LD-TP45-S,38,2018.04.20
CS-KH BASE CL,4.2,2018.04.20
HH203,30,2018.04.20
HH4001A,14,2018.04.20
HH4001B,10.8,2018.04.20
HH4001C,9.3,2018.04.20
HH4003A,10.8,2018.04.20
HH4003B,9.3,2018.04.20
HH4003C,7.5,2018.04.20
WOMEN RUNNER,2.2,2018.04.20
XY01L,47,2018.04.20
LD-O7,15,2018.04.20
LD031-S,38,2018.04.20
CS-KH BASE-BK,4.3,2018.04.20
CS-8830 BASE NEW,9.8,2018.04.20
ZJ-302-B,21.5,2018.04.20
ZJ DIY07,1.8,2018.04.20
ZJ-1509B,30,2018.04.20
ZJ-1509C,26,2018.04.20
ZJ-1509D,23,2018.04.20
ZJ-4066B,30,2018.04.20
ZJ-4066C,26,2018.04.20
ZJ-4066D,23,2018.04.20
ZJ-3083A,42,2018.04.20
ZJ-3083B,37,2018.04.20
LD031-L,50,2018.04.20
XY01M,38,2018.04.20
CS-PP102M,35,2018.04.20
COMMUNION GLASS,0.45,2018.03.19
130*100*12(KH202-M),19,2018.02.05
XY-44L,23,2018.02.05
160*115*15(KH202-L),25,2018.02.05
RA-5 M-230MM,58,2018.02.05
XY-43-M,20,2018.02.05
XY-43-S,12.5,2018.02.05
XY-43-L,23,2018.02.05
XY-42-S,20,2018.02.05
XY-40-S,24,2018.02.05
XY-40-M,34,2018.02.05
XY-40-L,44,2018.02.05
XY-14-S,45,2018.02.05
XY-14-M,49,2018.02.05
JL-W01SV,1.45,2018.02.05
JL-L02-BZ,1.45,2018.02.05
CS-2B08057,40,2018.02.05
CS-DR21,22,2018.02.05
CS-OF-L,38,2018.02.05
CS-OF-M,36,2018.02.05
CS-OF-S,34,2018.02.05
CS-Q-2,19,2018.02.05
CS-QQ-1M,46,2018.02.05
XY-11-S,27,2018.02.05
JL-L02-SV,1.45,2018.02.05
XY-11-M,34,2018.02.05
NZJ-HB030B,11,2018.02.05
NZJ-HB678A,4.8,2018.02.05
NZJ-HB678B,4.5,2018.02.05
NZJ-HB678C,4,2018.02.05
NZJ-HB731,14.8,2018.02.05
LD60T,55,2018.02.05
LD-CY040,50,2018.02.05
LD-HG65,4.5,2018.02.05
NZJ-HB030C,9.3,2018.02.05
NZJ-HB029C,8.5,2018.02.05
NZJ-HB029B,9.8,2018.02.05
XY-11-L,38,2018.02.05
JL-YK157B,9.5,2018.02.05
JL-YK157C,8.8,2018.02.05
NZJ-009A,18,2018.02.05
NZJ-H16-027-60,6.6,2018.02.05
NZJ-H16-027-70,7.8,2018.02.05
NZJ-H16-027-80,9.2,2018.02.05
NZJ-H17-682-180,4.7,2018.02.05
NZJ-HB029A,11.8,2018.02.05
NZJ-HB030A,12.8,2018.02.05
XY-02-S,23,2018.02.05
HH-MR01-Y,0.35,2018.02.05
HH-MR01-R,0.35,2018.02.05
HH-M03-SV,1.8,2018.02.05
LDO40,30,2018.02.05
HH-M03-GD,1.8,2018.02.05
HH-M03-BZ,1.8,2018.02.05
XY-08-S,37,2018.02.05
HH-C01-BZ,1.25,2018.02.05
HH-C01-GD,1.25,2018.02.05
HH-C01-SV,1.25,2018.02.05
HH-J5002,5.8,2018.02.05
HH-M01-BZ,1.8,2018.02.05
HH-M01-GD,1.8,2018.02.05
HH-M01-SV,1.8,2018.02.05
HP70P,4.5,2018.02.00
T083,30,2018.02.00
CY040B,50,2018.02.00
CY040,50,2018.02.00
HP65,4.5,2018.02.00
HB029C,8.5,2018.02.00
6.5麦穗铜,1.8,2018.02.00
6.5麦穗银,1.8,2018.02.00
6.5麦穗金,1.8,2018.02.00
HHC01-SV,1.25,2018.02.00
HHC01-GD,1.25,2018.02.00
HHC01-BZ,1.25,2018.02.00
L02金,1.45,2018.02.00
HB029B,9.8,2018.02.00
W02铜,1.45,2018.02.00
W03金,1.45,2018.02.00
W01铜,1.45,2018.02.00
L01银,1.45,2018.02.00
W01银,1.45,2018.02.00
W02金,1.45,2018.02.00
W02银,1.45,2018.02.00
SF01银,1.45,2018.02.00
奖牌W01金,1.45,2018.02.00
HB029A,11.8,2018.02.00
CS-DR 21,22,2018.02.00
CS-A7 L,34,2018.02.00
CS-A4 P,37,2018.02.00
SF01铜,1.45,2018.02.00
SF01金,1.45,2018.02.00
L01金,1.45,2018.02.00
HB030C,9.3,2018.02.00
HB030B,11,2018.02.00
HB030A,12.8,2018.02.00
H17-682-180,4.7,2018.02.00
HB678C,4,2018.02.00
HB678B,4.5,2018.02.00
HB678A,4.8,2018.02.00
H16-027-80,9.2,2018.02.00
H16-027-70,7.8,2018.02.00
H16-027-60,6.6,2018.02.00
HB731,14.8,2018.02.00
009A,18,2018.02.00
奖杯JLYK157B,9.5,2018.02.00
L01铜,1.45,2018.02.00
W03铜,1.45,2018.02.00
W03银,1.45,2018.02.00
L02铜,1.45,2018.02.00
L02银,1.45,2018.02.00
XY-8830B,13,2018.01.02
LD-P45-M,48,2018.01.02
CS-KF-5,22,2018.01.02
HG070P,4.5,2018.01.02
CS-GR-05,56,2018.01.02
CS-KF-4,22,2018.01.02
CS-KF-3,22,2018.01.02
X015C,10,2018.01.02
RH-01W,0.55,2018.01.02
RH-01B,0.55,2018.01.02
CELLOTAPE,210,2018.01.02
CS-J-8B,12,2018.01.02
CS-H-34,24,2018.01.02
CS-DR213,22,2018.01.02
CS-BA-4,24,2018.01.02
胶带,210,2018.01.00
CS-DR2B,22,2018.01.00
RIBBON-YELLOW,0.35,2017.07.10
JL-F01-SV,1.5,2017.07.10
CS-K08L,54,2017.07.10
CS-HK3-X,66,2017.07.10
CS-BB12L,36,2017.07.10
RIBBON-RED,0.35,2017.07.10
RIBBON-GREEN,0.35,2017.07.10
RIBBON-BLUE,0.35,2017.07.10
HH-A2SV,1.15,2017.07.10
HH-A2GD,1.15,2017.07.10
JT--CK03,1.8,2017.07.10
180*80*4,3,2017.07.10
130*80*4,2.2,2017.07.10
JL-K978C,12.5,2017.07.10
HX1575-A1,16,2017.07.10
150*80*4,2.6,2017.07.10
GLUE-ORANGE,70,2017.07.10
GLUE-LIGHT BLUE,70,2017.07.10
90*90*4,1.8,2017.07.10
LD-S.STAR,55,2017.06.08
LD-L40 ?,4.5,2017.06.08
LD46-M,50,2017.06.08
137B,11.5,2017.06.08
137A,12,2017.06.08
137C,10,2017.06.08
1203#,18,2017.06.08
K978A,17.5,2017.06.08
HX4495-A GOLFER,28,2017.06.08
HX1571-B CRICKET,12.5,2017.06.08
YK075B,13,2017.06.08
YK138,8.8,2017.06.08
MEDAL BOX-BLACK,3.7,2017.06.08
K978C,12.5,2017.06.08
K093,11,2017.06.08
866C,9,2017.06.08
866A,13,2017.06.08
866B,11,2017.06.08
ZJ-302A,24.5,2017.05.18
LD0611-S,50,2017.05.18
LD0611-M,55,2017.05.18
ZJ-302B,21.5,2017.05.18
JT-ENB80 ,13,2017.05.18
JT-GB40 GOLF BALL,3.2,2017.05.18
ZJ-DIY16 SOCCER,1.8,2017.05.18
ZJ-DIY13B,2.1,2017.05.18
ZJ-DIY13A,2.45,2017.05.18
ZJ-302C,18.5,2017.05.18
ZJ-DIY14 M RUNNER,1.8,2017.05.18
CS-KH-204,11.5,2017.05.11
CS-KH-14S,38,2017.05.11
CS-KH-14M,58,2017.05.11
CS-J-7,12,2017.05.11
CS-J-6B,12,2017.05.11
CS-J-60B,12,2017.05.11
LD060T,55,2017.05.11
CS-DR-213,22,2017.05.11
T082-120,16,2017.05.11
80*80*200方体,42,2017.05.11
CS-290-M,42,2017.05.11
CS-356,75,2017.05.11
CS-611-9,40,2017.05.11
LD0611-L,64,2017.05.11
T082-150,20,2017.05.11
T082-100,12,2017.05.11
LD-L40  ,4.5,2017.05.11
LD90-S,40,2017.05.11
XY-26,46,2017.04.28
XY-8830,11,2017.04.28
RH-RED RIBBON,0.5,2017.04.28
LD-070-L,75,2017.04.28
XY-20S,27,2017.04.28
XY-20M,32,2017.04.28
XY-20L,38,2017.04.28
XY-14M,49,2017.04.28
XY-14L,55,2017.04.28
XY-137030B,18,2017.04.28
XY-135025,10,2017.04.28
XY-14S,45,2017.04.28
ZJ-H16-027-70,7,2017.04.28
4066D,22,2017.04.13
3083B,35,2017.04.13
3083A SILVER,40,2017.04.13
1509D,22,2017.04.13
1509C,25,2017.04.13
1509B,29,2017.04.13
H16-027-70 PINE,7,2017.04.13
4066B,29,2017.04.13
H16-027-60 PINE,6,2017.04.13
YK157R,9.5,2017.04.13
H16-027-80 PINE ,8.5,2017.04.13
3083C,30,2017.04.13
4066C,25,2017.04.13
YK157C,8.8,2017.04.13
YK157B,9.5,2017.04.13
MEDAL-WHEAT-BZ,1.5,2017.03.30
MEDAL-WHEAT-GD,1.5,2017.03.30
MEDAL-WHEAT-SV,1.5,2017.03.30
MEDAL-WORD-BZ,1.4,2017.03.30
MEDAL-WORD-GD,1.4,2017.03.30
MEDAL-WORD-SV,1.4,2017.03.30
XB4001B,9.3,2017.03.30
SOCCER MEDAL CUP,2.2,2017.03.30
YK123B,7.2,2017.03.30
YK156,13,2017.03.30
1536-B5 MEDAL,14,2017.03.30
1607 MEDAL,12.5,2017.03.30
2321-B1 MEDAL,11,2017.03.30
2497-B HORSE,13.5,2017.03.30
4479-B MEDAL,13,2017.03.30
MEDAL-NEW-SV,1.4,2017.03.30
MEDAL-NEW-BZ,1.4,2017.03.30
MEDAL-NEW=GD,1.4,2017.03.30
4720 GOLF,13.5,2017.03.30
MEDAL-LEAF-GD,1.5,2017.03.30
MEDAL-LEAF-BZ,1.5,2017.03.30
6771RC,14,2017.03.30
6771RB,16,2017.03.30
6771RA,18,2017.03.30
6771BC,14,2017.03.30
MEDAL-LEAF-SV,1.5,2017.03.30
6771BB,16,2017.03.30
6771BA,18,2017.03.30
XB4003C,7.5,2017.03.30
XB4003B,9.3,2017.03.30
XB4003A,10.8,2017.03.30
4655-A CRICKET,20,2017.03.30
4737 SOCCER SHOE,17,2017.03.30
XB4001A+,14,2017.03.30
T082-120+BASE,38,2017.03.30
T082-100+BASE,25,2017.03.30
4760 MEDAL,12,2017.03.30
LD46-L,60,2017.03.30
COLOUR GLUE-ORANGE,70,2017.03.30
4799-B GOLF,13.5,2017.03.30
4892-B1,24,2017.03.30
XB4001A,10.8,2017.03.30
K-108,65,2017.03.09
QQ-3M,46,2017.03.09
QQ-1M,46,2017.03.09
QA-1S,66,2017.03.09
QA-1M,62,2017.03.09
QA-1L,58,2017.03.09
Q-5,19,2017.03.09
Q-4,19,2017.03.09
Q-3,19,2017.03.09
Q-2,19,2017.03.09
Q-1,19,2017.03.09
QQ-2M,46,2017.03.09
CCS-8,14,2017.03.09
HH-F153-R红底,5.5,2017.03.09
K-032,36,2017.03.09
CCS-65,14,2017.03.09
CCS-4,14,2017.03.09
X015B,13.2,2017.03.09
X015A,17.2,2017.03.09
MQ75蓝,16,2017.03.09
MQ75红,16,2017.03.09
16109S,6.5,2017.03.09
16109G,6.5,2017.03.09
16109B,6.5,2017.03.09
YC-888大号,95,2017.03.09
GTC-35-180,23,2017.03.09
TP46-S EXTRA BASE,68,2017.03.09
COLOUR GLUE-BLUE,70,2017.03.09
HH-R017,5.5,2017.03.09
HH-MS123-R红底,5.5,2017.03.09
HH-MS109不带座,2.5,2017.03.09
HH-F163不带座,2.5,2017.03.09
HH-F163-R红底,5.5,2017.03.09
HH-F163-B黑底,5.5,2017.03.09
HH-F153-R,5.5,2017.02.23
HH-MS109-R,5.5,2017.02.23
HH-F160-R,5.5,2017.02.23
HH-F163-R,5.5,2017.02.23
HH-MS109 NO BASE,2.5,2017.02.23
HH-MS109-B,5.5,2017.02.23
HH-MS123 NO BASE,2.5,2017.02.23
HH-MS123-B BASE,5.5,2017.02.23
HH-MS123-R BASE,5.5,2017.02.23
XY-40S,24,2017.02.23
XY-40L,44,2017.02.23
XY-40M,34,2017.02.23
50MM MEDAL,1.3,2017.02.23
CS-A708,39,2017.02.23
CS-DR-212,22,2017.02.23
CS-J-68B,12,2017.02.23
XY-41S,20,2017.02.23
CS-OH-M,43,2017.02.23
CS-OH-S,35,2017.02.23
XY-42S,20,2017.02.23
XY-47M,40,2017.02.23
XY-43L,23,2017.02.23
XY-0彩胶,130,2017.02.23
XY-50S,14,2017.02.23
XY-50M,21,2017.02.23
XY-49S,25,2017.02.23
XY-49M,28,2017.02.23
XY-49L,31,2017.02.23
XY-48S,30,2017.02.23
XY-48M,32,2017.02.23
XY-48L,34,2017.02.23
XY-47S,38,2017.02.23
XY-50L,25,2017.02.23
XY-47L,42,2017.02.23
XY-45L,23,2017.02.23
XY-46S,26,2017.02.23
XY-43S,12.5,2017.02.23
XY-44M,20,2017.02.23
XY-44S,12.5,2017.02.23
XY-45M,20,2017.02.23
XY-45S,12.5,2017.02.23
XY-46L,30,2017.02.23
XY-46M,28,2017.02.23
XY-43M,20,2017.02.23
CS-OH-L,53,2017.01.19
CS-PP71-M,46,2017.01.19
CS-PP71-L,50,2017.01.19
CS-PP71-S,42,2017.01.19
137-1RC,10,2017.01.19
137-2CA,12,2017.01.19
CS-DR-99,22,2017.01.19
CS-GLUE-CLEAR,78,2017.01.19
137-2CC,10,2017.01.19
CS-H-37,24,2017.01.19
CS-J-13,12,2017.01.19
137-2CB,11.5,2017.01.19
S01S,1.85,2017.01.19
137BA,12,2017.01.19
YK137-1RA,12,2017.01.19
YK155A,19,2017.01.19
137BB,11.5,2017.01.19
YK155C,13,2017.01.19
YK156A-SV*BL,19,2017.01.19
YK156B,16,2017.01.19
YK156C,13,2017.01.19
RIBBON-SILKY,0.5,2017.01.19
LD-45-S,38,2017.01.19
LD-45-L,58,2017.01.19
YK137-1RB,11.5,2017.01.19
YK155B,16,2017.01.19
YK125B,11,2017.01.19
HB2098C,17,2017.01.19
137BC,10,2017.01.19
F01G,1.45,2017.01.19
F01S,1.4,2017.01.19
HB2097C,17,2017.01.19
HB2020C,18,2017.01.19
K112C,10,2017.01.19
S01B,1.85,2017.01.19
S01G,1.85,2017.01.19
S02S,2.1,2017.01.19
W01G,1.4,2017.01.19
W02G,1.4,2017.01.19
W02S,1.4,2017.01.19
LD-70-S,48,2017.01.19
XY-01-M,38,2016.12.29
XY-01-S,34,2016.12.29
XY-H-05,11.5,2016.12.29
XY-10104B,17.5,2016.12.29
XY-H-02,11.5,2016.12.29
XY-26该样品已经带走 不在柜子里,46,2016.12.29
XY-H-01,11.5,2016.12.29
XY-H-03,11.5,2016.12.29
IGD-P1504030,16,2016.12.15
IGD-P2454030,21,2016.12.15
IGD-P2104030,20,2016.12.15
IGD-P1804030,18,2016.12.15
180#AIRPLANE,28,2016.12.15
IGD-P1802525,16,2016.12.15
IGD-P1502525,14,2016.12.15
IGD-P1202525,12,2016.12.15
IGD-P902525,10,2016.12.15
230#AIRPLANE,50,2016.12.15
JT-04,45,2016.12.15
LD-070-S,48,2016.11.04
LD-TP46-S,40,2016.11.04
HX1627-B,11.5,2016.10.12
HX1925-B,12.8,2016.10.12
CS PP46,25,2016.10.12
CS MAP-L,53,2016.10.12
2001-B,13.5,2016.10.12
XY-20-M,32,2016.09.29
XY-20-S,27,2016.09.29
XY-23-L,70,2016.09.29
XY-23-M,59,2016.09.29
XY-23-S,57,2016.09.29
HH-MS119R,5.3,2016.09.29
RH-01BLUE,0.5,2016.09.29
XY-20-L,38,2016.09.29
XY-17-M,35,2016.09.29
XY-17-L,42,2016.09.29
XY119030,13,2016.09.29
HH-R019,5.3,2016.09.29
HH-MS119-B,5.3,2016.09.29
JL-135C,11,2016.09.29
RH-01WHITE,0.5,2016.09.29
RH-01BLACK,0.5,2016.09.29
RH-01GREEN,0.5,2016.09.29
JL-135A,15,2016.09.29
JL-135B,13,2016.09.29
RH-01YELLOW,0.5,2016.09.29
RH-01RED,0.5,2016.09.29
LD-079,50,2016.09.22
JL-120-1,26,2016.09.22
JL-120-2,22,2016.09.22
CY-040B,52,2016.09.22
ORDER BOOKS,2.3,2016.09.22
CY-040CLEAR,50,2016.09.22
LD-P45-S,38,2016.09.22
LD-040,30,2016.09.22
60MM BLUE EARTH BALL NO LINE,18,2016.09.22
80MM BLUE EARTH BALL NO LINE,27,2016.09.22
LD-B.STAR ,44,2016.09.22
LD-031-L,53,2016.09.08
WEIGHT,14,2016.09.08
ROUND PAPER,14,2016.09.08
LD-031-S,42,2016.09.08
LD-031-M,48,2016.09.08
HH-R001 PIECE,2.2,2016.08.04
HH-R119 PIECE,2.3,2016.08.04
HH-5002#,5.3,2016.08.04
HH0104-A,30,2016.08.04
HH0104-B,26,2016.08.04
HH0104-C,22,2016.08.04
HH0106-A,30,2016.08.04
HX-2297,7.5,2016.08.04
HH-B3001-3R,9,2016.08.04
HX-3299,8,2016.08.04
HX-1891,18,2016.08.04
HH-30001-3B,9,2016.08.04
LD043,35,2016.08.04
90*90 MIRROR,2,2016.08.04
180*80 MIRROR,3.2,2016.08.04
HX1989-B6,10.5,2016.07.28
HX1920B,16,2016.07.28
HX1981-C,13,2016.07.28
HX1620,20.5,2016.07.28
CS-H280M,45,2016.07.28
HX1305,10,2016.07.28
HX2992-C,6,2016.07.28
HX1306,10,2016.07.28
HX2321-B1,9.8,2016.07.28
HX3123-B1,16.5,2016.07.28
HH7390-5G,7.3,2016.07.28
ZJ-4003B,21,2016.07.28
HH0106-B,27,2016.07.28
HX3684-B11,16.5,2016.07.28
ZJ-2051C,8.8,2016.07.28
HX3607B,11.5,2016.07.28
JL866B,11,2016.07.18
JL-K979B,13,2016.07.18
JL-K978B,15,2016.07.18
JL-K978A,17.5,2016.07.18
JL896B,12,2016.07.18
JL896A,14,2016.07.18
JL866C,9,2016.07.18
JL-K979A,14,2016.07.18
XY119030B,15,2016.07.18
JL863C,9,2016.07.18
JL863A,13,2016.07.18
XY-H04,11.5,2016.07.18
XY-H02,11.5,2016.07.18
XY-30L,47,2016.07.18
JL-YK020,9,2016.07.18
JL-K979C,12,2016.07.18
JL866A,13,2016.07.18
ZJ-2029D,7.5,2016.07.18
ZJ-2039D,8,2016.07.18
LD062,14,2016.07.18
LD102-L,83,2016.07.18
LD102-M,73,2016.07.18
ZJ-DIY02,0.8,2016.07.18
ZJ-7001C,10.5,2016.07.18
ZJ-4004C,18,2016.07.18
ZJ-HB905-SV,17.5,2016.04.25
ZJ-HB905-BZ,17.5,2016.04.25
TP46-7-L,60,2016.04.25
LD0029-S,40,2016.04.25
HH-S-GD1,9.5,2016.03.07
HH-TS01-SV银,11,2016.03.07
HH-TS01-BZ铜,11,2016.03.07
HH-S-SV1银,9.5,2016.03.07
HH-S-BZ1铜,9.5,2016.03.07
4012-A,37.5,2016.03.07
3085-A,33,2016.03.07
1951-C,10.5,2016.03.07
1921-A,17.5,2016.03.07
1720-B,11,2016.03.07
3207-B,19.5,2016.03.07
3065-B,19.5,2016.03.07
3597-A,27,2016.03.07
1261-B,13.5,2016.03.07
1652-A,11.5,2016.03.07
1174-C足球,7,2016.03.07
3049-B足球,16.5,2016.03.07
4239A人物,22.5,2016.03.07
HX1517,18.5,2016.03.07
CS-J-7-B,12,2016.01.25
CS-J-8-B,12,2016.01.25
CS-KH-14-L,58,2016.01.25
CS-KH-14-M,52,2016.01.25
CS-KH-14-S,38,2016.01.25
CS-PP102-RED-L,30,2016.01.25
CH-195-L,58,2016.01.25
CS-PP102-RED-S,40,2016.01.25
CS-PP102RED-M,35,2016.01.25
CS-BOWL100,10,2016.01.25
CS-J-4,12,2016.01.25
CH-195-M,55,2016.01.25
CH-195-S,50,2016.01.25
CS-BA-34,24,2016.01.25
CS-2B-08057,40,2016.01.25
CS-BOWL-80,8,2016.01.25
CS-DR-888,22,2016.01.25
CS-H-40,24,2016.01.25
CS-BOWL-70,6.5,2016.01.25
SS02-SV半圆木底黑,25,2016.01.11
SS02-GD半圆木底黑,25,2016.01.11
YK095B透明,14.5,2016.01.11
XY-8830全白底,11,2016.01.11
XY-8830B黑,13,2016.01.11
XY-158035B,21,2016.01.11
XY-32-L,43,2016.01.11
XY-30-S,34,2016.01.11
863A,14,2016.01.11
SS02-BZ半圆木底红色,25,2016.01.11
863B,12,2016.01.11
863C,9,2016.01.11
5*5*12 ,13,2016.01.11
JT-CB70 NEW,9,2016.01.11
CS-BA70,9.5,2016.01.11
CS-D08,21,2016.01.11
CS-H-39,24,2016.01.11
CS-H-36,24,2016.01.11
K093亚克力,11,2016.01.11
K094C金色,17.5,2016.01.11
K094C蓝色,17.5,2016.01.11
K019C,12,2016.01.11
K01,5.5,2016.01.11
896C,10,2016.01.11
LD034-180,17,2016.01.11
LD0611-3,50,2016.01.11
LD070-2,55,2016.01.11
HH-7390-5G,7.3,2016.01.11
XY-H-04,11.5,2016.01.11
XY-37L,38,2016.01.11
XY-37M,35,2016.01.11
XY-37S,32,2016.01.11
XY-36L,36,2016.01.11
XY-36M,33,2016.01.11
XY-36S,30,2016.01.11
LD0611-1,63,2016.01.11
LD0611-2,54,2016.01.11
GTC030-210,25,2016.01.11
LD034-150,13,2016.01.11
CLEAR GLUE,160,2016.01.11
CP-01 PAD,15,2016.01.11
LD037-210,18,2016.01.11
LD031-150,16,2016.01.11
LD030-150,17,2016.01.11
LD037-180,17,2016.01.11
LD034-210,23,2016.01.11
LD032-210,20,2016.01.11
LD031-180,19,2016.01.11
LD031-210,23,2016.01.11
JT-555-C,6,2016..
?,5,2016..
JT-D80BLUE,12.5,2016..
JT-5512-CL,9,2016..
JT-SB80,7,2016..
JT-446-CL,4,2016..
CS-=J-60,12,2016..
CS-H280S,35,2016..
CS-H280L,57,2016..
CS-611--9,40,2016..
LD-60T,58,2016..
CS-A-70,38,2016..
60MM GLOBE,7.5,2016..
LD-043B,37,2016..
LD102-S,63,2016..
KH-204,11.5,2015.12.07
T082-80,9,2015.10.26
150*80*4 MIRROR,2.8,2015.10.26
T070-L,75,2015.10.26
HG-65P,4.5,2015.10.26
HG-70P,4.5,2015.10.26
F163 NO BASE,2.5,2015.10.24
MS119 NO BASE,2.5,2015.10.24
W02-GD,1.25,2015.10.24
MS109,5.5,2015.10.24
F163,5.5,2015.10.24
MS123,5.5,2015.10.24
B3001-3,9,2015.10.24
MS119,5.5,2015.10.24
5002#,5.5,2015.10.24
F153,5.5,2015.10.24
R18 ,5.5,2015.10.24
R17 ,5.5,2015.10.24
122A,11,2015.10.24
135C,11,2015.10.24
135B,13,2015.10.24
W02-BZ,1.25,2015.10.24
W01-GD,1.5,2015.10.24
R12 ,5.5,2015.10.24
L01-SV,1.2,2015.10.24
L01-GD,1.2,2015.10.24
W03-GD,1.3,2015.10.24
F01-BZ,1.3,2015.10.24
F01-SV,1.3,2015.10.24
F01-GD,1.3,2015.10.24
SF01-BZ,1.3,2015.10.24
SF01-SV,1.3,2015.10.24
SF01-GD,1.3,2015.10.24
F160,5.5,2015.10.24
W02-SV,1.25,2015.10.24
F153 NO BASE,2.5,2015.10.24
MS123 NO BASE,2.5,2015.10.24
PP46,25,2015.10.24
KH205,11.5,2015.10.24
KH203,11.5,2015.10.24
KH202,11.5,2015.10.24
KH201,11.5,2015.10.24
R5 ,5.5,2015.10.24
R14 ,5.5,2015.10.24
R13 ,5.5,2015.10.24
MO1-GD,1.7,2015.10.24
A2-BZ,1.1,2015.10.24
A2-SV,1.1,2015.10.24
A2-GD,1.1,2015.10.24
**50MM MEDAL ,1.15,2015.10.24
MS109 NO BASE,2.5,2015.10.24
R017 NO BASE,2.5,2015.10.24
F160 NO BASE,2.5,2015.10.24
S123B,20,2015.10.19
899A,23,2015.10.19
S123A,23,2015.10.19
HB2039D,8,2015.10.19
HB2029D,7.5,2015.10.19
HB7004C,12.5,2015.10.19
HX2035NEW,27,2015.10.12
HX-1197,24.5,2015.10.12
HX-2992,6,2015.10.12
HX-1575-A1,14,2015.10.12
JT-558C,6,2015.10.12
TENNIS SETS,21,2015.10.12
979A,14,2015.09.28
896A,14,2015.09.28
K979C,12,2015.09.28
899C#,13,2015.09.28
978C,12.5,2015.09.28
K979B,13,2015.09.28
S123C,17,2015.09.28
899B,17,2015.09.28
896B,12,2015.09.28
SILKY-YELLOW,0.5,2015.09.14
LD110S,27,2015.09.14
0104C,22,2015.09.14
SILKY-RED,0.5,2015.09.14
SILKY-BLUE,0.5,2015.09.14
SILKY-GREEN,0.5,2015.09.14
SILKY-WHITE,0.5,2015.09.14
0104A,30,2015.09.14
0106A,30,2015.09.14
5020A,34,2015.09.14
5020B,29,2015.09.14
5020C,24,2015.09.14
GTC031-150,16,2015.08.24
GTC030-180,21,2015.08.24
ITEMS,price,2015.08.03
315MM BLACK PYRAMID,110,2015.08.03
180MM AIRPLANE,28,2015.08.03
CS-HK3,88,2015.08.03
SAHETI CUBE,6.5,2015.08.03
KH204,11.5,2015.07.20
BB12L,36,2015.07.20
KH-203,11.5,2015.05.25
KH-202,11.5,2015.05.25
KH-205,11.5,2015.05.25
CS-DR-1,22,2015.05.25
XY-119030,13,2015.05.25
XY-08M,39,2015.05.25
200*80*4,3.8,2015.05.25
OF-M,36,2015.05.25
120*120*4,2.8,2015.05.25
CLOUR GLUE,25,2015.05.25
90*90*4 MIRRORS,2,2015.05.25
220*80*4,4.2,2015.05.25
中,43,2015.03.30
CYS123A,23,2015.03.30
GTC-300*210,12,2015.03.30
GTC-275*185,14,2015.03.30
GTC-598879,4.5,2015.03.30
LD018,50,2015.03.30
CYS123B,20,2015.03.30
S-110-15,20,2015.03.30
LD082-100,12,2015.03.30
陈水晶PP46,25,2015.03.30
CYS123C,17,2015.03.30
1GD五星奖杯白色,36.5,2015.03.30
蓝色,36.5,2015.03.30
大红色,36.5,2015.03.30
CS-STAR五角星,98,2015.03.30
非洲地图大,50,2015.03.30
小,35,2015.03.30